크리스탈신소재,1786,3545,1,NNP,*,F,크리스탈신소재,*,*,*,*
제이앤티씨,1786,3545,1,NNP,*,F,제이앤티씨,*,*,*,*
서울옥션,1786,3546,1,NNP,*,T,서울옥션,*,*,*,*
미래에셋대우,1786,3545,1,NNP,*,F,미래에셋대우,*,*,*,*
고려아연,1786,3546,1,NNP,*,T,고려아연,*,*,*,*
코웰패션,1786,3546,1,NNP,*,T,코웰패션,*,*,*,*
컬러레이,1786,3545,1,NNP,*,F,컬러레이,*,*,*,*
서남,1786,3546,1,NNP,*,T,서남,*,*,*,*
알톤스포츠,1786,3545,1,NNP,*,F,알톤스포츠,*,*,*,*
국순당,1786,3546,1,NNP,*,T,국순당,*,*,*,*
로보티즈,1786,3545,1,NNP,*,F,로보티즈,*,*,*,*
LG상사,1786,3545,1,NNP,*,F,LG상사,*,*,*,*
골프존,1786,3546,1,NNP,*,T,골프존,*,*,*,*
GKL,1786,3545,1,NNP,*,F,GKL,*,*,*,*
솔트룩스,1786,3545,1,NNP,*,F,솔트룩스,*,*,*,*
태원물산,1786,3546,1,NNP,*,T,태원물산,*,*,*,*
큐에스아이,1786,3545,1,NNP,*,F,큐에스아이,*,*,*,*
뉴프라이드,1786,3545,1,NNP,*,F,뉴프라이드,*,*,*,*
TJ미디어,1786,3545,1,NNP,*,F,TJ미디어,*,*,*,*
듀오백,1786,3546,1,NNP,*,T,듀오백,*,*,*,*
한국수출포장공업,1786,3546,1,NNP,*,T,한국수출포장공업,*,*,*,*
본느,1786,3545,1,NNP,*,F,본느,*,*,*,*
노바텍,1786,3546,1,NNP,*,T,노바텍,*,*,*,*
덕신하우징,1786,3546,1,NNP,*,T,덕신하우징,*,*,*,*
야스,1786,3545,1,NNP,*,F,야스,*,*,*,*
세화아이엠씨,1786,3545,1,NNP,*,F,세화아이엠씨,*,*,*,*
이녹스,1786,3545,1,NNP,*,F,이녹스,*,*,*,*
우주일렉트로,1786,3545,1,NNP,*,F,우주일렉트로,*,*,*,*
삼천리자전거,1786,3545,1,NNP,*,F,삼천리자전거,*,*,*,*
그린플러스,1786,3545,1,NNP,*,F,그린플러스,*,*,*,*
케어젠,1786,3546,1,NNP,*,T,케어젠,*,*,*,*
라이브플렉스,1786,3545,1,NNP,*,F,라이브플렉스,*,*,*,*
동양피스톤,1786,3546,1,NNP,*,T,동양피스톤,*,*,*,*
휠라홀딩스,1786,3545,1,NNP,*,F,휠라홀딩스,*,*,*,*
한국맥널티,1786,3545,1,NNP,*,F,한국맥널티,*,*,*,*
태림포장,1786,3546,1,NNP,*,T,태림포장,*,*,*,*
이즈미디어,1786,3545,1,NNP,*,F,이즈미디어,*,*,*,*
코리아나,1786,3545,1,NNP,*,F,코리아나,*,*,*,*
신대양제지,1786,3545,1,NNP,*,F,신대양제지,*,*,*,*
삼양옵틱스,1786,3545,1,NNP,*,F,삼양옵틱스,*,*,*,*
대림제지,1786,3545,1,NNP,*,F,대림제지,*,*,*,*
PI첨단소재,1786,3545,1,NNP,*,F,PI첨단소재,*,*,*,*
선데이토즈,1786,3545,1,NNP,*,F,선데이토즈,*,*,*,*
효성티앤씨,1786,3545,1,NNP,*,F,효성티앤씨,*,*,*,*
네오펙트,1786,3545,1,NNP,*,F,네오펙트,*,*,*,*
RFHIC,1786,3545,1,NNP,*,F,RFHIC,*,*,*,*
라이온켐텍,1786,3546,1,NNP,*,T,라이온켐텍,*,*,*,*
삼보판지,1786,3545,1,NNP,*,F,삼보판지,*,*,*,*
골든센츄리,1786,3545,1,NNP,*,F,골든센츄리,*,*,*,*
씨큐브,1786,3545,1,NNP,*,F,씨큐브,*,*,*,*
이미지스,1786,3545,1,NNP,*,F,이미지스,*,*,*,*
조비,1786,3545,1,NNP,*,F,조비,*,*,*,*
베노홀딩스,1786,3545,1,NNP,*,F,베노홀딩스,*,*,*,*
백산,1786,3546,1,NNP,*,T,백산,*,*,*,*
대영포장,1786,3546,1,NNP,*,T,대영포장,*,*,*,*
현대바이오,1786,3545,1,NNP,*,F,현대바이오,*,*,*,*
한국자산신탁,1786,3546,1,NNP,*,T,한국자산신탁,*,*,*,*
대양제지,1786,3545,1,NNP,*,F,대양제지,*,*,*,*
핸디소프트,1786,3545,1,NNP,*,F,핸디소프트,*,*,*,*
월덱스,1786,3545,1,NNP,*,F,월덱스,*,*,*,*
갤럭시아에스엠,1786,3546,1,NNP,*,T,갤럭시아에스엠,*,*,*,*
AP위성,1786,3546,1,NNP,*,T,AP위성,*,*,*,*
진로발효,1786,3545,1,NNP,*,F,진로발효,*,*,*,*
아프리카TV,1786,3545,1,NNP,*,F,아프리카TV,*,*,*,*
제일연마,1786,3545,1,NNP,*,F,제일연마,*,*,*,*
아진산업,1786,3546,1,NNP,*,T,아진산업,*,*,*,*
로스웰,1786,3546,1,NNP,*,T,로스웰,*,*,*,*
넵튠,1786,3546,1,NNP,*,T,넵튠,*,*,*,*
이노와이어리스,1786,3545,1,NNP,*,F,이노와이어리스,*,*,*,*
KT서브마린,1786,3546,1,NNP,*,T,KT서브마린,*,*,*,*
글로벌텍스프리,1786,3545,1,NNP,*,F,글로벌텍스프리,*,*,*,*
에스앤에스텍,1786,3546,1,NNP,*,T,에스앤에스텍,*,*,*,*
에스퓨얼셀,1786,3546,1,NNP,*,T,에스퓨얼셀,*,*,*,*
엘앤에프,1786,3545,1,NNP,*,F,엘앤에프,*,*,*,*
한국내화,1786,3545,1,NNP,*,F,한국내화,*,*,*,*
인산가,1786,3545,1,NNP,*,F,인산가,*,*,*,*
부산산업,1786,3546,1,NNP,*,T,부산산업,*,*,*,*
THEMIDONG,1786,3545,1,NNP,*,F,THEMIDONG,*,*,*,*
인터로조,1786,3545,1,NNP,*,F,인터로조,*,*,*,*
화성밸브,1786,3545,1,NNP,*,F,화성밸브,*,*,*,*
에코바이오,1786,3545,1,NNP,*,F,에코바이오,*,*,*,*
유니슨,1786,3546,1,NNP,*,T,유니슨,*,*,*,*
비츠로셀,1786,3546,1,NNP,*,T,비츠로셀,*,*,*,*
희림,1786,3546,1,NNP,*,T,희림,*,*,*,*
씨에스베어링,1786,3546,1,NNP,*,T,씨에스베어링,*,*,*,*
진도,1786,3545,1,NNP,*,F,진도,*,*,*,*
디케이앤디,1786,3545,1,NNP,*,F,디케이앤디,*,*,*,*
전파기지국,1786,3546,1,NNP,*,T,전파기지국,*,*,*,*
압타머사이언스,1786,3545,1,NNP,*,F,압타머사이언스,*,*,*,*
쎄트렉아이,1786,3545,1,NNP,*,F,쎄트렉아이,*,*,*,*
동운아나텍,1786,3546,1,NNP,*,T,동운아나텍,*,*,*,*
썸에이지,1786,3545,1,NNP,*,F,썸에이지,*,*,*,*
정다운,1786,3546,1,NNP,*,T,정다운,*,*,*,*
KR모터스,1786,3545,1,NNP,*,F,KR모터스,*,*,*,*
아세아시멘트,1786,3545,1,NNP,*,F,아세아시멘트,*,*,*,*
블러썸엠앤씨,1786,3545,1,NNP,*,F,블러썸엠앤씨,*,*,*,*
NHN벅스,1786,3545,1,NNP,*,F,NHN벅스,*,*,*,*
한국토지신탁,1786,3546,1,NNP,*,T,한국토지신탁,*,*,*,*
엔피디,1786,3545,1,NNP,*,F,엔피디,*,*,*,*
엠아이텍,1786,3546,1,NNP,*,T,엠아이텍,*,*,*,*
유진테크,1786,3545,1,NNP,*,F,유진테크,*,*,*,*
제일테크노스,1786,3545,1,NNP,*,F,제일테크노스,*,*,*,*
효성오앤비,1786,3545,1,NNP,*,F,효성오앤비,*,*,*,*
한국코퍼레이션,1786,3546,1,NNP,*,T,한국코퍼레이션,*,*,*,*
비비씨,1786,3545,1,NNP,*,F,비비씨,*,*,*,*
세종메디칼,1786,3546,1,NNP,*,T,세종메디칼,*,*,*,*
부스타,1786,3545,1,NNP,*,F,부스타,*,*,*,*
피피아이,1786,3545,1,NNP,*,F,피피아이,*,*,*,*
오킨스전자,1786,3545,1,NNP,*,F,오킨스전자,*,*,*,*
티사이언티픽,1786,3546,1,NNP,*,T,티사이언티픽,*,*,*,*
교보증권,1786,3546,1,NNP,*,T,교보증권,*,*,*,*
어보브반도체,1786,3545,1,NNP,*,F,어보브반도체,*,*,*,*
동양생명,1786,3546,1,NNP,*,T,동양생명,*,*,*,*
드래곤플라이,1786,3545,1,NNP,*,F,드래곤플라이,*,*,*,*
조광페인트,1786,3545,1,NNP,*,F,조광페인트,*,*,*,*
시디즈,1786,3545,1,NNP,*,F,시디즈,*,*,*,*
남화산업,1786,3546,1,NNP,*,T,남화산업,*,*,*,*
인텔리안테크,1786,3545,1,NNP,*,F,인텔리안테크,*,*,*,*
이지바이오,1786,3545,1,NNP,*,F,이지바이오,*,*,*,*
현대사료,1786,3545,1,NNP,*,F,현대사료,*,*,*,*
에이스토리,1786,3545,1,NNP,*,F,에이스토리,*,*,*,*
제이엔케이히터,1786,3545,1,NNP,*,F,제이엔케이히터,*,*,*,*
미스터블루,1786,3545,1,NNP,*,F,미스터블루,*,*,*,*
바다로19호,1786,3545,1,NNP,*,F,바다로19호,*,*,*,*
강원랜드,1786,3545,1,NNP,*,F,강원랜드,*,*,*,*
에스피시스템스,1786,3545,1,NNP,*,F,에스피시스템스,*,*,*,*
감마누,1786,3545,1,NNP,*,F,감마누,*,*,*,*
오공,1786,3546,1,NNP,*,T,오공,*,*,*,*
넥센타이어,1786,3545,1,NNP,*,F,넥센타이어,*,*,*,*
골프존뉴딘홀딩스,1786,3545,1,NNP,*,F,골프존뉴딘홀딩스,*,*,*,*
조이맥스,1786,3545,1,NNP,*,F,조이맥스,*,*,*,*
싸이토젠,1786,3546,1,NNP,*,T,싸이토젠,*,*,*,*
써니전자,1786,3545,1,NNP,*,F,써니전자,*,*,*,*
에이테크솔루션,1786,3546,1,NNP,*,T,에이테크솔루션,*,*,*,*
한컴MDS,1786,3545,1,NNP,*,F,한컴MDS,*,*,*,*
코메론,1786,3546,1,NNP,*,T,코메론,*,*,*,*
일신석재,1786,3545,1,NNP,*,F,일신석재,*,*,*,*
SK렌터카,1786,3545,1,NNP,*,F,SK렌터카,*,*,*,*
파라다이스,1786,3545,1,NNP,*,F,파라다이스,*,*,*,*
파나진,1786,3546,1,NNP,*,T,파나진,*,*,*,*
카카오게임즈,1786,3545,1,NNP,*,F,카카오게임즈,*,*,*,*
손오공,1786,3546,1,NNP,*,T,손오공,*,*,*,*
케이티스카이라이프,1786,3545,1,NNP,*,F,케이티스카이라이프,*,*,*,*
오스템임플란트,1786,3545,1,NNP,*,F,오스템임플란트,*,*,*,*
와이오엠,1786,3546,1,NNP,*,T,와이오엠,*,*,*,*
아이센스,1786,3545,1,NNP,*,F,아이센스,*,*,*,*
푸드나무,1786,3545,1,NNP,*,F,푸드나무,*,*,*,*
카스,1786,3545,1,NNP,*,F,카스,*,*,*,*
액토즈소프트,1786,3545,1,NNP,*,F,액토즈소프트,*,*,*,*
사조씨푸드,1786,3545,1,NNP,*,F,사조씨푸드,*,*,*,*
지누스,1786,3545,1,NNP,*,F,지누스,*,*,*,*
위메이드,1786,3545,1,NNP,*,F,위메이드,*,*,*,*
세진티에스,1786,3545,1,NNP,*,F,세진티에스,*,*,*,*
엠투아이,1786,3545,1,NNP,*,F,엠투아이,*,*,*,*
엔케이맥스,1786,3545,1,NNP,*,F,엔케이맥스,*,*,*,*
한글과컴퓨터,1786,3545,1,NNP,*,F,한글과컴퓨터,*,*,*,*
블루콤,1786,3546,1,NNP,*,T,블루콤,*,*,*,*
삼성증권,1786,3546,1,NNP,*,T,삼성증권,*,*,*,*
동양고속,1786,3546,1,NNP,*,T,동양고속,*,*,*,*
에이플러스에셋,1786,3546,1,NNP,*,T,에이플러스에셋,*,*,*,*
헝셩그룹,1786,3546,1,NNP,*,T,헝셩그룹,*,*,*,*
디알텍,1786,3546,1,NNP,*,T,디알텍,*,*,*,*
코렌텍,1786,3546,1,NNP,*,T,코렌텍,*,*,*,*
삼익악기,1786,3545,1,NNP,*,F,삼익악기,*,*,*,*
모비스,1786,3545,1,NNP,*,F,모비스,*,*,*,*
컴투스,1786,3545,1,NNP,*,F,컴투스,*,*,*,*
대한그린파워,1786,3545,1,NNP,*,F,대한그린파워,*,*,*,*
KNN,1786,3545,1,NNP,*,F,KNN,*,*,*,*
빅솔론,1786,3546,1,NNP,*,T,빅솔론,*,*,*,*
딜리,1786,3545,1,NNP,*,F,딜리,*,*,*,*
영림원소프트랩,1786,3546,1,NNP,*,T,영림원소프트랩,*,*,*,*
SK가스,1786,3545,1,NNP,*,F,SK가스,*,*,*,*
소마젠,1786,3546,1,NNP,*,T,소마젠,*,*,*,*
SG,1786,3545,1,NNP,*,F,SG,*,*,*,*
스튜디오드래곤,1786,3546,1,NNP,*,T,스튜디오드래곤,*,*,*,*
화승알앤에이,1786,3545,1,NNP,*,F,화승알앤에이,*,*,*,*
상신이디피,1786,3545,1,NNP,*,F,상신이디피,*,*,*,*
디알젬,1786,3546,1,NNP,*,T,디알젬,*,*,*,*
덴티스,1786,3545,1,NNP,*,F,덴티스,*,*,*,*
호텔신라,1786,3545,1,NNP,*,F,호텔신라,*,*,*,*
서흥,1786,3546,1,NNP,*,T,서흥,*,*,*,*
더블유게임즈,1786,3545,1,NNP,*,F,더블유게임즈,*,*,*,*
미투젠,1786,3546,1,NNP,*,T,미투젠,*,*,*,*
코센,1786,3546,1,NNP,*,T,코센,*,*,*,*
엠씨넥스,1786,3545,1,NNP,*,F,엠씨넥스,*,*,*,*
알에프세미,1786,3545,1,NNP,*,F,알에프세미,*,*,*,*
대원전선,1786,3546,1,NNP,*,T,대원전선,*,*,*,*
해마로푸드서비스,1786,3545,1,NNP,*,F,해마로푸드서비스,*,*,*,*
아미노로직스,1786,3545,1,NNP,*,F,아미노로직스,*,*,*,*
자이글,1786,3546,1,NNP,*,T,자이글,*,*,*,*
마이크로프랜드,1786,3545,1,NNP,*,F,마이크로프랜드,*,*,*,*
대양전기공업,1786,3546,1,NNP,*,T,대양전기공업,*,*,*,*
티비씨,1786,3545,1,NNP,*,F,티비씨,*,*,*,*
휴림로봇,1786,3546,1,NNP,*,T,휴림로봇,*,*,*,*
아이에이네트웍스,1786,3545,1,NNP,*,F,아이에이네트웍스,*,*,*,*
한독크린텍,1786,3546,1,NNP,*,T,한독크린텍,*,*,*,*
한국금융지주,1786,3545,1,NNP,*,F,한국금융지주,*,*,*,*
제이씨케미칼,1786,3546,1,NNP,*,T,제이씨케미칼,*,*,*,*
디오,1786,3545,1,NNP,*,F,디오,*,*,*,*
뉴인텍,1786,3546,1,NNP,*,T,뉴인텍,*,*,*,*
삼화전기,1786,3545,1,NNP,*,F,삼화전기,*,*,*,*
티플랙스,1786,3545,1,NNP,*,F,티플랙스,*,*,*,*
케이비아이동국실업,1786,3546,1,NNP,*,T,케이비아이동국실업,*,*,*,*
강남제비스코,1786,3545,1,NNP,*,F,강남제비스코,*,*,*,*
YTN,1786,3545,1,NNP,*,F,YTN,*,*,*,*
모헨즈,1786,3545,1,NNP,*,F,모헨즈,*,*,*,*
피제이메탈,1786,3546,1,NNP,*,T,피제이메탈,*,*,*,*
이월드,1786,3545,1,NNP,*,F,이월드,*,*,*,*
에이치엔티,1786,3545,1,NNP,*,F,에이치엔티,*,*,*,*
옵티시스,1786,3545,1,NNP,*,F,옵티시스,*,*,*,*
맥스로텍,1786,3546,1,NNP,*,T,맥스로텍,*,*,*,*
아난티,1786,3545,1,NNP,*,F,아난티,*,*,*,*
세기상사,1786,3545,1,NNP,*,F,세기상사,*,*,*,*
대유에이피,1786,3545,1,NNP,*,F,대유에이피,*,*,*,*
AJ네트웍스,1786,3545,1,NNP,*,F,AJ네트웍스,*,*,*,*
JW생명과학,1786,3546,1,NNP,*,T,JW생명과학,*,*,*,*
코리아에프티,1786,3545,1,NNP,*,F,코리아에프티,*,*,*,*
부방,1786,3546,1,NNP,*,T,부방,*,*,*,*
삼표시멘트,1786,3545,1,NNP,*,F,삼표시멘트,*,*,*,*
화승엔터프라이즈,1786,3545,1,NNP,*,F,화승엔터프라이즈,*,*,*,*
지니뮤직,1786,3546,1,NNP,*,T,지니뮤직,*,*,*,*
오로라,1786,3545,1,NNP,*,F,오로라,*,*,*,*
인프라웨어,1786,3545,1,NNP,*,F,인프라웨어,*,*,*,*
액트로,1786,3545,1,NNP,*,F,액트로,*,*,*,*
아세아텍,1786,3546,1,NNP,*,T,아세아텍,*,*,*,*
신성통상,1786,3546,1,NNP,*,T,신성통상,*,*,*,*
코엔텍,1786,3546,1,NNP,*,T,코엔텍,*,*,*,*
국보디자인,1786,3546,1,NNP,*,T,국보디자인,*,*,*,*
고려신용정보,1786,3545,1,NNP,*,F,고려신용정보,*,*,*,*
아세아제지,1786,3545,1,NNP,*,F,아세아제지,*,*,*,*
신화콘텍,1786,3546,1,NNP,*,T,신화콘텍,*,*,*,*
엑세스바이오,1786,3545,1,NNP,*,F,엑세스바이오,*,*,*,*
한솔테크닉스,1786,3545,1,NNP,*,F,한솔테크닉스,*,*,*,*
포스코케미칼,1786,3546,1,NNP,*,T,포스코케미칼,*,*,*,*
오리온,1786,3546,1,NNP,*,T,오리온,*,*,*,*
미투온,1786,3546,1,NNP,*,T,미투온,*,*,*,*
대정화금,1786,3546,1,NNP,*,T,대정화금,*,*,*,*
비나텍,1786,3546,1,NNP,*,T,비나텍,*,*,*,*
금호타이어,1786,3545,1,NNP,*,F,금호타이어,*,*,*,*
하이골드3호,1786,3545,1,NNP,*,F,하이골드3호,*,*,*,*
한온시스템,1786,3546,1,NNP,*,T,한온시스템,*,*,*,*
신신제약,1786,3546,1,NNP,*,T,신신제약,*,*,*,*
한국정밀기계,1786,3545,1,NNP,*,F,한국정밀기계,*,*,*,*
흥구석유,1786,3545,1,NNP,*,F,흥구석유,*,*,*,*
룽투코리아,1786,3545,1,NNP,*,F,룽투코리아,*,*,*,*
유바이오로직스,1786,3545,1,NNP,*,F,유바이오로직스,*,*,*,*
수젠텍,1786,3546,1,NNP,*,T,수젠텍,*,*,*,*
우노앤컴퍼니,1786,3545,1,NNP,*,F,우노앤컴퍼니,*,*,*,*
넷마블,1786,3546,1,NNP,*,T,넷마블,*,*,*,*
파크시스템스,1786,3545,1,NNP,*,F,파크시스템스,*,*,*,*
풍국주정,1786,3546,1,NNP,*,T,풍국주정,*,*,*,*
한일사료,1786,3545,1,NNP,*,F,한일사료,*,*,*,*
참좋은여행,1786,3546,1,NNP,*,T,참좋은여행,*,*,*,*
앱클론,1786,3546,1,NNP,*,T,앱클론,*,*,*,*
아이디피,1786,3545,1,NNP,*,F,아이디피,*,*,*,*
나무기술,1786,3546,1,NNP,*,T,나무기술,*,*,*,*
삼영전자공업,1786,3546,1,NNP,*,T,삼영전자공업,*,*,*,*
크린앤사이언스,1786,3545,1,NNP,*,F,크린앤사이언스,*,*,*,*
미창석유공업,1786,3546,1,NNP,*,T,미창석유공업,*,*,*,*
동국알앤에스,1786,3545,1,NNP,*,F,동국알앤에스,*,*,*,*
그리티,1786,3545,1,NNP,*,F,그리티,*,*,*,*
에이스침대,1786,3545,1,NNP,*,F,에이스침대,*,*,*,*
포스코강판,1786,3546,1,NNP,*,T,포스코강판,*,*,*,*
신라교역,1786,3546,1,NNP,*,T,신라교역,*,*,*,*
테고사이언스,1786,3545,1,NNP,*,F,테고사이언스,*,*,*,*
지엘팜텍,1786,3546,1,NNP,*,T,지엘팜텍,*,*,*,*
플레이위드,1786,3545,1,NNP,*,F,플레이위드,*,*,*,*
우진플라임,1786,3546,1,NNP,*,T,우진플라임,*,*,*,*
윈하이텍,1786,3546,1,NNP,*,T,윈하이텍,*,*,*,*
아나패스,1786,3545,1,NNP,*,F,아나패스,*,*,*,*
인포뱅크,1786,3545,1,NNP,*,F,인포뱅크,*,*,*,*
시공테크,1786,3545,1,NNP,*,F,시공테크,*,*,*,*
아모텍,1786,3546,1,NNP,*,T,아모텍,*,*,*,*
형지엘리트,1786,3545,1,NNP,*,F,형지엘리트,*,*,*,*
솔본,1786,3546,1,NNP,*,T,솔본,*,*,*,*
펄어비스,1786,3545,1,NNP,*,F,펄어비스,*,*,*,*
디와이,1786,3545,1,NNP,*,F,디와이,*,*,*,*
한국타이어앤테크놀로지,1786,3545,1,NNP,*,F,한국타이어앤테크놀로지,*,*,*,*
신한지주,1786,3545,1,NNP,*,F,신한지주,*,*,*,*
바른손이앤에이,1786,3545,1,NNP,*,F,바른손이앤에이,*,*,*,*
디앤씨미디어,1786,3545,1,NNP,*,F,디앤씨미디어,*,*,*,*
캐리소프트,1786,3545,1,NNP,*,F,캐리소프트,*,*,*,*
한프,1786,3545,1,NNP,*,F,한프,*,*,*,*
씨씨에스,1786,3545,1,NNP,*,F,씨씨에스,*,*,*,*
서전기전,1786,3546,1,NNP,*,T,서전기전,*,*,*,*
코리아에스이,1786,3545,1,NNP,*,F,코리아에스이,*,*,*,*
서호전기,1786,3545,1,NNP,*,F,서호전기,*,*,*,*
에코마이스터,1786,3545,1,NNP,*,F,에코마이스터,*,*,*,*
코미코,1786,3545,1,NNP,*,F,코미코,*,*,*,*
대한광통신,1786,3546,1,NNP,*,T,대한광통신,*,*,*,*
코렌,1786,3546,1,NNP,*,T,코렌,*,*,*,*
금호전기,1786,3545,1,NNP,*,F,금호전기,*,*,*,*
우신시스템,1786,3546,1,NNP,*,T,우신시스템,*,*,*,*
하이골드12호,1786,3545,1,NNP,*,F,하이골드12호,*,*,*,*
이스트아시아홀딩스,1786,3545,1,NNP,*,F,이스트아시아홀딩스,*,*,*,*
덴티움,1786,3546,1,NNP,*,T,덴티움,*,*,*,*
쿠쿠홈시스,1786,3545,1,NNP,*,F,쿠쿠홈시스,*,*,*,*
에스아이리소스,1786,3545,1,NNP,*,F,에스아이리소스,*,*,*,*
창해에탄올,1786,3546,1,NNP,*,T,창해에탄올,*,*,*,*
대교,1786,3545,1,NNP,*,F,대교,*,*,*,*
데브시스터즈,1786,3545,1,NNP,*,F,데브시스터즈,*,*,*,*
STX,1786,3545,1,NNP,*,F,STX,*,*,*,*
미디어젠,1786,3546,1,NNP,*,T,미디어젠,*,*,*,*
이오플로우,1786,3545,1,NNP,*,F,이오플로우,*,*,*,*
서연이화,1786,3545,1,NNP,*,F,서연이화,*,*,*,*
이엔플러스,1786,3545,1,NNP,*,F,이엔플러스,*,*,*,*
이노인스트루먼트,1786,3545,1,NNP,*,F,이노인스트루먼트,*,*,*,*
플리토,1786,3545,1,NNP,*,F,플리토,*,*,*,*
오리엔탈정공,1786,3546,1,NNP,*,T,오리엔탈정공,*,*,*,*
파워넷,1786,3546,1,NNP,*,T,파워넷,*,*,*,*
까스텔바작,1786,3546,1,NNP,*,T,까스텔바작,*,*,*,*
조선내화,1786,3545,1,NNP,*,F,조선내화,*,*,*,*
디에스티,1786,3545,1,NNP,*,F,디에스티,*,*,*,*
대유,1786,3545,1,NNP,*,F,대유,*,*,*,*
한솔로지스틱스,1786,3545,1,NNP,*,F,한솔로지스틱스,*,*,*,*
동일제강,1786,3546,1,NNP,*,T,동일제강,*,*,*,*
쇼박스,1786,3545,1,NNP,*,F,쇼박스,*,*,*,*
이퓨쳐,1786,3545,1,NNP,*,F,이퓨쳐,*,*,*,*
상신전자,1786,3545,1,NNP,*,F,상신전자,*,*,*,*
선진,1786,3546,1,NNP,*,T,선진,*,*,*,*
에코프로비엠,1786,3546,1,NNP,*,T,에코프로비엠,*,*,*,*
한세실업,1786,3546,1,NNP,*,T,한세실업,*,*,*,*
상보,1786,3545,1,NNP,*,F,상보,*,*,*,*
KMH,1786,3545,1,NNP,*,F,KMH,*,*,*,*
한국팩키지,1786,3545,1,NNP,*,F,한국팩키지,*,*,*,*
아이스크림에듀,1786,3545,1,NNP,*,F,아이스크림에듀,*,*,*,*
뉴로스,1786,3545,1,NNP,*,F,뉴로스,*,*,*,*
진양홀딩스,1786,3545,1,NNP,*,F,진양홀딩스,*,*,*,*
경농,1786,3546,1,NNP,*,T,경농,*,*,*,*
한국쉘석유,1786,3545,1,NNP,*,F,한국쉘석유,*,*,*,*
제이준코스메틱,1786,3546,1,NNP,*,T,제이준코스메틱,*,*,*,*
엠게임,1786,3546,1,NNP,*,T,엠게임,*,*,*,*
잉크테크,1786,3545,1,NNP,*,F,잉크테크,*,*,*,*
키위미디어그룹,1786,3546,1,NNP,*,T,키위미디어그룹,*,*,*,*
우리산업,1786,3546,1,NNP,*,T,우리산업,*,*,*,*
제이에스코퍼레이션,1786,3546,1,NNP,*,T,제이에스코퍼레이션,*,*,*,*
액션스퀘어,1786,3545,1,NNP,*,F,액션스퀘어,*,*,*,*
디지털대성,1786,3546,1,NNP,*,T,디지털대성,*,*,*,*
케이디켐,1786,3546,1,NNP,*,T,케이디켐,*,*,*,*
미원화학,1786,3546,1,NNP,*,T,미원화학,*,*,*,*
인트로메딕,1786,3546,1,NNP,*,T,인트로메딕,*,*,*,*
동일고무벨트,1786,3545,1,NNP,*,F,동일고무벨트,*,*,*,*
비츠로테크,1786,3545,1,NNP,*,F,비츠로테크,*,*,*,*
멜파스,1786,3545,1,NNP,*,F,멜파스,*,*,*,*
한독,1786,3546,1,NNP,*,T,한독,*,*,*,*
특수건설,1786,3546,1,NNP,*,T,특수건설,*,*,*,*
안랩,1786,3546,1,NNP,*,T,안랩,*,*,*,*
이에스에이,1786,3545,1,NNP,*,F,이에스에이,*,*,*,*
휴맥스홀딩스,1786,3545,1,NNP,*,F,휴맥스홀딩스,*,*,*,*
모트렉스,1786,3545,1,NNP,*,F,모트렉스,*,*,*,*
퓨쳐켐,1786,3546,1,NNP,*,T,퓨쳐켐,*,*,*,*
HDC현대EP,1786,3545,1,NNP,*,F,HDC현대EP,*,*,*,*
KC그린홀딩스,1786,3545,1,NNP,*,F,KC그린홀딩스,*,*,*,*
중앙백신,1786,3546,1,NNP,*,T,중앙백신,*,*,*,*
고려시멘트,1786,3545,1,NNP,*,F,고려시멘트,*,*,*,*
자안,1786,3546,1,NNP,*,T,자안,*,*,*,*
세명전기,1786,3545,1,NNP,*,F,세명전기,*,*,*,*
넷게임즈,1786,3545,1,NNP,*,F,넷게임즈,*,*,*,*
아이씨케이,1786,3545,1,NNP,*,F,아이씨케이,*,*,*,*
브릿지바이오,1786,3545,1,NNP,*,F,브릿지바이오,*,*,*,*
에이치엘비파워,1786,3545,1,NNP,*,F,에이치엘비파워,*,*,*,*
동양파일,1786,3546,1,NNP,*,T,동양파일,*,*,*,*
현대로템,1786,3546,1,NNP,*,T,현대로템,*,*,*,*
천랩,1786,3546,1,NNP,*,T,천랩,*,*,*,*
아세아,1786,3545,1,NNP,*,F,아세아,*,*,*,*
피앤씨테크,1786,3545,1,NNP,*,F,피앤씨테크,*,*,*,*
싸이맥스,1786,3545,1,NNP,*,F,싸이맥스,*,*,*,*
이녹스첨단소재,1786,3545,1,NNP,*,F,이녹스첨단소재,*,*,*,*
마니커,1786,3545,1,NNP,*,F,마니커,*,*,*,*
퓨쳐스트림네트웍스,1786,3545,1,NNP,*,F,퓨쳐스트림네트웍스,*,*,*,*
나스미디어,1786,3545,1,NNP,*,F,나스미디어,*,*,*,*
한국프랜지공업,1786,3546,1,NNP,*,T,한국프랜지공업,*,*,*,*
인천도시가스,1786,3545,1,NNP,*,F,인천도시가스,*,*,*,*
아이쓰리시스템,1786,3546,1,NNP,*,T,아이쓰리시스템,*,*,*,*
삼성생명,1786,3546,1,NNP,*,T,삼성생명,*,*,*,*
SIMPAC,1786,3545,1,NNP,*,F,SIMPAC,*,*,*,*
엔바이오니아,1786,3545,1,NNP,*,F,엔바이오니아,*,*,*,*
넥센,1786,3546,1,NNP,*,T,넥센,*,*,*,*
SBS미디어홀딩스,1786,3545,1,NNP,*,F,SBS미디어홀딩스,*,*,*,*
국일제지,1786,3545,1,NNP,*,F,국일제지,*,*,*,*
에스와이,1786,3545,1,NNP,*,F,에스와이,*,*,*,*
제노레이,1786,3545,1,NNP,*,F,제노레이,*,*,*,*
육일씨엔에쓰,1786,3545,1,NNP,*,F,육일씨엔에쓰,*,*,*,*
파트론,1786,3546,1,NNP,*,T,파트론,*,*,*,*
동양물산기업,1786,3546,1,NNP,*,T,동양물산기업,*,*,*,*
서울바이오시스,1786,3545,1,NNP,*,F,서울바이오시스,*,*,*,*
케이씨티,1786,3545,1,NNP,*,F,케이씨티,*,*,*,*
이스트소프트,1786,3545,1,NNP,*,F,이스트소프트,*,*,*,*
대보마그네틱,1786,3546,1,NNP,*,T,대보마그네틱,*,*,*,*
KTis,1786,3545,1,NNP,*,F,KTis,*,*,*,*
유진로봇,1786,3546,1,NNP,*,T,유진로봇,*,*,*,*
젬백스링크,1786,3545,1,NNP,*,F,젬백스링크,*,*,*,*
오가닉티코스메틱,1786,3546,1,NNP,*,T,오가닉티코스메틱,*,*,*,*
코텍,1786,3546,1,NNP,*,T,코텍,*,*,*,*
와이솔,1786,3546,1,NNP,*,T,와이솔,*,*,*,*
롯데관광개발,1786,3546,1,NNP,*,T,롯데관광개발,*,*,*,*
에스앤씨엔진그룹,1786,3546,1,NNP,*,T,에스앤씨엔진그룹,*,*,*,*
유티아이,1786,3545,1,NNP,*,F,유티아이,*,*,*,*
경남제약헬스케어,1786,3545,1,NNP,*,F,경남제약헬스케어,*,*,*,*
동남합성,1786,3546,1,NNP,*,T,동남합성,*,*,*,*
게임빌,1786,3546,1,NNP,*,T,게임빌,*,*,*,*
우리금융캐피탈,1786,3546,1,NNP,*,T,우리금융캐피탈,*,*,*,*
경창산업,1786,3546,1,NNP,*,T,경창산업,*,*,*,*
인크로스,1786,3545,1,NNP,*,F,인크로스,*,*,*,*
서연,1786,3546,1,NNP,*,T,서연,*,*,*,*
NH투자증권,1786,3546,1,NNP,*,T,NH투자증권,*,*,*,*
iMBC,1786,3545,1,NNP,*,F,iMBC,*,*,*,*
에프엔씨엔터,1786,3545,1,NNP,*,F,에프엔씨엔터,*,*,*,*
진매트릭스,1786,3545,1,NNP,*,F,진매트릭스,*,*,*,*
프로스테믹스,1786,3545,1,NNP,*,F,프로스테믹스,*,*,*,*
제노포커스,1786,3545,1,NNP,*,F,제노포커스,*,*,*,*
네스엠,1786,3546,1,NNP,*,T,네스엠,*,*,*,*
하이스틸,1786,3546,1,NNP,*,T,하이스틸,*,*,*,*
LS전선아시아,1786,3545,1,NNP,*,F,LS전선아시아,*,*,*,*
CJ대한통운,1786,3546,1,NNP,*,T,CJ대한통운,*,*,*,*
아스타,1786,3545,1,NNP,*,F,아스타,*,*,*,*
세중,1786,3546,1,NNP,*,T,세중,*,*,*,*
메가스터디교육,1786,3546,1,NNP,*,T,메가스터디교육,*,*,*,*
디에스케이,1786,3545,1,NNP,*,F,디에스케이,*,*,*,*
디엠티,1786,3545,1,NNP,*,F,디엠티,*,*,*,*
와이즈버즈,1786,3545,1,NNP,*,F,와이즈버즈,*,*,*,*
유틸렉스,1786,3545,1,NNP,*,F,유틸렉스,*,*,*,*
오텍,1786,3546,1,NNP,*,T,오텍,*,*,*,*
NEW,1786,3545,1,NNP,*,F,NEW,*,*,*,*
쿠쿠홀딩스,1786,3545,1,NNP,*,F,쿠쿠홀딩스,*,*,*,*
넥슨지티,1786,3545,1,NNP,*,F,넥슨지티,*,*,*,*
코스온,1786,3546,1,NNP,*,T,코스온,*,*,*,*
이엔드디,1786,3545,1,NNP,*,F,이엔드디,*,*,*,*
보광산업,1786,3546,1,NNP,*,T,보광산업,*,*,*,*
지니틱스,1786,3545,1,NNP,*,F,지니틱스,*,*,*,*
이노와이즈,1786,3545,1,NNP,*,F,이노와이즈,*,*,*,*
KB오토시스,1786,3545,1,NNP,*,F,KB오토시스,*,*,*,*
덱스터,1786,3545,1,NNP,*,F,덱스터,*,*,*,*
두산퓨얼셀,1786,3546,1,NNP,*,T,두산퓨얼셀,*,*,*,*
시너지이노베이션,1786,3546,1,NNP,*,T,시너지이노베이션,*,*,*,*
엑스큐어,1786,3545,1,NNP,*,F,엑스큐어,*,*,*,*
미래아이앤지,1786,3545,1,NNP,*,F,미래아이앤지,*,*,*,*
큐렉소,1786,3545,1,NNP,*,F,큐렉소,*,*,*,*
JYPEnt.,1786,3545,1,NNP,*,F,JYPEnt.,*,*,*,*
네오위즈,1786,3545,1,NNP,*,F,네오위즈,*,*,*,*
크리스에프앤씨,1786,3545,1,NNP,*,F,크리스에프앤씨,*,*,*,*
에이리츠,1786,3545,1,NNP,*,F,에이리츠,*,*,*,*
리노공업,1786,3546,1,NNP,*,T,리노공업,*,*,*,*
뷰웍스,1786,3545,1,NNP,*,F,뷰웍스,*,*,*,*
이노메트리,1786,3545,1,NNP,*,F,이노메트리,*,*,*,*
송원산업,1786,3546,1,NNP,*,T,송원산업,*,*,*,*
대원산업,1786,3546,1,NNP,*,T,대원산업,*,*,*,*
유앤아이,1786,3545,1,NNP,*,F,유앤아이,*,*,*,*
코프라,1786,3545,1,NNP,*,F,코프라,*,*,*,*
이오테크닉스,1786,3545,1,NNP,*,F,이오테크닉스,*,*,*,*
정산애강,1786,3546,1,NNP,*,T,정산애강,*,*,*,*
제일기획,1786,3546,1,NNP,*,T,제일기획,*,*,*,*
에이비엘바이오,1786,3545,1,NNP,*,F,에이비엘바이오,*,*,*,*
제테마,1786,3545,1,NNP,*,F,제테마,*,*,*,*
디와이피엔에프,1786,3545,1,NNP,*,F,디와이피엔에프,*,*,*,*
티에스아이,1786,3545,1,NNP,*,F,티에스아이,*,*,*,*
DSR,1786,3545,1,NNP,*,F,DSR,*,*,*,*
지노믹트리,1786,3545,1,NNP,*,F,지노믹트리,*,*,*,*
푸른저축은행,1786,3546,1,NNP,*,T,푸른저축은행,*,*,*,*
락앤락,1786,3546,1,NNP,*,T,락앤락,*,*,*,*
로보로보,1786,3545,1,NNP,*,F,로보로보,*,*,*,*
유니켐,1786,3546,1,NNP,*,T,유니켐,*,*,*,*
케이피에스,1786,3545,1,NNP,*,F,케이피에스,*,*,*,*
금양,1786,3546,1,NNP,*,T,금양,*,*,*,*
인팩,1786,3546,1,NNP,*,T,인팩,*,*,*,*
씨에스윈드,1786,3545,1,NNP,*,F,씨에스윈드,*,*,*,*
위지윅스튜디오,1786,3545,1,NNP,*,F,위지윅스튜디오,*,*,*,*
국동,1786,3546,1,NNP,*,T,국동,*,*,*,*
한송네오텍,1786,3546,1,NNP,*,T,한송네오텍,*,*,*,*
아진엑스텍,1786,3546,1,NNP,*,T,아진엑스텍,*,*,*,*
코아스,1786,3545,1,NNP,*,F,코아스,*,*,*,*
대성엘텍,1786,3546,1,NNP,*,T,대성엘텍,*,*,*,*
포시에스,1786,3545,1,NNP,*,F,포시에스,*,*,*,*
에너토크,1786,3545,1,NNP,*,F,에너토크,*,*,*,*
DSC인베스트먼트,1786,3545,1,NNP,*,F,DSC인베스트먼트,*,*,*,*
에코프로,1786,3545,1,NNP,*,F,에코프로,*,*,*,*
플레이디,1786,3545,1,NNP,*,F,플레이디,*,*,*,*
한샘,1786,3546,1,NNP,*,T,한샘,*,*,*,*
한창산업,1786,3546,1,NNP,*,T,한창산업,*,*,*,*
삼성화재해상보험,1786,3546,1,NNP,*,T,삼성화재해상보험,*,*,*,*
NE능률,1786,3546,1,NNP,*,T,NE능률,*,*,*,*
한올바이오파마,1786,3545,1,NNP,*,F,한올바이오파마,*,*,*,*
중앙에너비스,1786,3545,1,NNP,*,F,중앙에너비스,*,*,*,*
롯데하이마트,1786,3545,1,NNP,*,F,롯데하이마트,*,*,*,*
테이팩스,1786,3545,1,NNP,*,F,테이팩스,*,*,*,*
핸즈코퍼레이션,1786,3546,1,NNP,*,T,핸즈코퍼레이션,*,*,*,*
나이스정보통신,1786,3546,1,NNP,*,T,나이스정보통신,*,*,*,*
한국화장품,1786,3546,1,NNP,*,T,한국화장품,*,*,*,*
디젠스,1786,3545,1,NNP,*,F,디젠스,*,*,*,*
SG&G,1786,3545,1,NNP,*,F,SG&G,*,*,*,*
유비벨록스,1786,3545,1,NNP,*,F,유비벨록스,*,*,*,*
파멥신,1786,3546,1,NNP,*,T,파멥신,*,*,*,*
지투알,1786,3546,1,NNP,*,T,지투알,*,*,*,*
윌링스,1786,3545,1,NNP,*,F,윌링스,*,*,*,*
씨아이에스,1786,3545,1,NNP,*,F,씨아이에스,*,*,*,*
한일시멘트,1786,3545,1,NNP,*,F,한일시멘트,*,*,*,*
코스모신소재,1786,3545,1,NNP,*,F,코스모신소재,*,*,*,*
젠큐릭스,1786,3545,1,NNP,*,F,젠큐릭스,*,*,*,*
아이톡시,1786,3545,1,NNP,*,F,아이톡시,*,*,*,*
일신바이오,1786,3545,1,NNP,*,F,일신바이오,*,*,*,*
줌인터넷,1786,3546,1,NNP,*,T,줌인터넷,*,*,*,*
신화인터텍,1786,3546,1,NNP,*,T,신화인터텍,*,*,*,*
세종공업,1786,3546,1,NNP,*,T,세종공업,*,*,*,*
이화산업,1786,3546,1,NNP,*,T,이화산업,*,*,*,*
알로이스,1786,3545,1,NNP,*,F,알로이스,*,*,*,*
캐스텍코리아,1786,3545,1,NNP,*,F,캐스텍코리아,*,*,*,*
인피니트헬스케어,1786,3545,1,NNP,*,F,인피니트헬스케어,*,*,*,*
일성건설,1786,3546,1,NNP,*,T,일성건설,*,*,*,*
팬엔터테인먼트,1786,3545,1,NNP,*,F,팬엔터테인먼트,*,*,*,*
인터플렉스,1786,3545,1,NNP,*,F,인터플렉스,*,*,*,*
지엔원에너지,1786,3545,1,NNP,*,F,지엔원에너지,*,*,*,*
베스파,1786,3545,1,NNP,*,F,베스파,*,*,*,*
아주IB투자,1786,3545,1,NNP,*,F,아주IB투자,*,*,*,*
EMW,1786,3545,1,NNP,*,F,EMW,*,*,*,*
현대엘리베이터,1786,3545,1,NNP,*,F,현대엘리베이터,*,*,*,*
경남스틸,1786,3546,1,NNP,*,T,경남스틸,*,*,*,*
에이텍티앤,1786,3546,1,NNP,*,T,에이텍티앤,*,*,*,*
웹젠,1786,3546,1,NNP,*,T,웹젠,*,*,*,*
엠젠플러스,1786,3545,1,NNP,*,F,엠젠플러스,*,*,*,*
키다리스튜디오,1786,3545,1,NNP,*,F,키다리스튜디오,*,*,*,*
엠에스오토텍,1786,3546,1,NNP,*,T,엠에스오토텍,*,*,*,*
자비스,1786,3545,1,NNP,*,F,자비스,*,*,*,*
심텍,1786,3546,1,NNP,*,T,심텍,*,*,*,*
클라우드에어,1786,3545,1,NNP,*,F,클라우드에어,*,*,*,*
무학,1786,3546,1,NNP,*,T,무학,*,*,*,*
파라텍,1786,3546,1,NNP,*,T,파라텍,*,*,*,*
큐브엔터,1786,3545,1,NNP,*,F,큐브엔터,*,*,*,*
이더블유케이,1786,3545,1,NNP,*,F,이더블유케이,*,*,*,*
파커스,1786,3545,1,NNP,*,F,파커스,*,*,*,*
KG동부제철,1786,3546,1,NNP,*,T,KG동부제철,*,*,*,*
상지카일룸,1786,3546,1,NNP,*,T,상지카일룸,*,*,*,*
셀바스AI,1786,3545,1,NNP,*,F,셀바스AI,*,*,*,*
루멘스,1786,3545,1,NNP,*,F,루멘스,*,*,*,*
휴스틸,1786,3546,1,NNP,*,T,휴스틸,*,*,*,*
제이에스티나,1786,3545,1,NNP,*,F,제이에스티나,*,*,*,*
엔피케이,1786,3545,1,NNP,*,F,엔피케이,*,*,*,*
일진다이아,1786,3545,1,NNP,*,F,일진다이아,*,*,*,*
하츠,1786,3545,1,NNP,*,F,하츠,*,*,*,*
엠플러스,1786,3545,1,NNP,*,F,엠플러스,*,*,*,*
풍산홀딩스,1786,3545,1,NNP,*,F,풍산홀딩스,*,*,*,*
새론오토모티브,1786,3545,1,NNP,*,F,새론오토모티브,*,*,*,*
나노,1786,3545,1,NNP,*,F,나노,*,*,*,*
누리플랜,1786,3546,1,NNP,*,T,누리플랜,*,*,*,*
케이엔제이,1786,3545,1,NNP,*,F,케이엔제이,*,*,*,*
휴마시스,1786,3545,1,NNP,*,F,휴마시스,*,*,*,*
에스제이엠,1786,3546,1,NNP,*,T,에스제이엠,*,*,*,*
코아스템,1786,3546,1,NNP,*,T,코아스템,*,*,*,*
알루코,1786,3545,1,NNP,*,F,알루코,*,*,*,*
화천기계,1786,3545,1,NNP,*,F,화천기계,*,*,*,*
큐로컴,1786,3546,1,NNP,*,T,큐로컴,*,*,*,*
키네마스터,1786,3545,1,NNP,*,F,키네마스터,*,*,*,*
멕아이씨에스,1786,3545,1,NNP,*,F,멕아이씨에스,*,*,*,*
에스에스알,1786,3546,1,NNP,*,T,에스에스알,*,*,*,*
효성첨단소재,1786,3545,1,NNP,*,F,효성첨단소재,*,*,*,*
엑시콘,1786,3546,1,NNP,*,T,엑시콘,*,*,*,*
이엠넷,1786,3546,1,NNP,*,T,이엠넷,*,*,*,*
유니온커뮤니티,1786,3545,1,NNP,*,F,유니온커뮤니티,*,*,*,*
엠투엔,1786,3546,1,NNP,*,T,엠투엔,*,*,*,*
일진머티리얼즈,1786,3545,1,NNP,*,F,일진머티리얼즈,*,*,*,*
성문전자,1786,3545,1,NNP,*,F,성문전자,*,*,*,*
셀트리온헬스케어,1786,3545,1,NNP,*,F,셀트리온헬스케어,*,*,*,*
MH에탄올,1786,3546,1,NNP,*,T,MH에탄올,*,*,*,*
한국특수형강,1786,3546,1,NNP,*,T,한국특수형강,*,*,*,*
신흥,1786,3546,1,NNP,*,T,신흥,*,*,*,*
덕산테코피아,1786,3545,1,NNP,*,F,덕산테코피아,*,*,*,*
사조산업,1786,3546,1,NNP,*,T,사조산업,*,*,*,*
한솔피엔에스,1786,3545,1,NNP,*,F,한솔피엔에스,*,*,*,*
동성화인텍,1786,3546,1,NNP,*,T,동성화인텍,*,*,*,*
상상인인더스트리,1786,3545,1,NNP,*,F,상상인인더스트리,*,*,*,*
네오위즈홀딩스,1786,3545,1,NNP,*,F,네오위즈홀딩스,*,*,*,*
LG헬로비전,1786,3546,1,NNP,*,T,LG헬로비전,*,*,*,*
LF,1786,3545,1,NNP,*,F,LF,*,*,*,*
일진디스플,1786,3546,1,NNP,*,T,일진디스플,*,*,*,*
이지웰,1786,3546,1,NNP,*,T,이지웰,*,*,*,*
덕산네오룩스,1786,3545,1,NNP,*,F,덕산네오룩스,*,*,*,*
삼원강재,1786,3545,1,NNP,*,F,삼원강재,*,*,*,*
인선이엔티,1786,3545,1,NNP,*,F,인선이엔티,*,*,*,*
한국정보인증,1786,3546,1,NNP,*,T,한국정보인증,*,*,*,*
레이,1786,3545,1,NNP,*,F,레이,*,*,*,*
메가엠디,1786,3545,1,NNP,*,F,메가엠디,*,*,*,*
위지트,1786,3545,1,NNP,*,F,위지트,*,*,*,*
CS,1786,3545,1,NNP,*,F,CS,*,*,*,*
아비코전자,1786,3545,1,NNP,*,F,아비코전자,*,*,*,*
누리텔레콤,1786,3546,1,NNP,*,T,누리텔레콤,*,*,*,*
행남사,1786,3545,1,NNP,*,F,행남사,*,*,*,*
성신양회,1786,3545,1,NNP,*,F,성신양회,*,*,*,*
엠케이전자,1786,3545,1,NNP,*,F,엠케이전자,*,*,*,*
미래테크놀로지,1786,3545,1,NNP,*,F,미래테크놀로지,*,*,*,*
나무가,1786,3545,1,NNP,*,F,나무가,*,*,*,*
에스디시스템,1786,3546,1,NNP,*,T,에스디시스템,*,*,*,*
이원컴포텍,1786,3546,1,NNP,*,T,이원컴포텍,*,*,*,*
SDN,1786,3545,1,NNP,*,F,SDN,*,*,*,*
에이스테크,1786,3545,1,NNP,*,F,에이스테크,*,*,*,*
휴맥스,1786,3545,1,NNP,*,F,휴맥스,*,*,*,*
에코캡,1786,3546,1,NNP,*,T,에코캡,*,*,*,*
아이엘사이언스,1786,3545,1,NNP,*,F,아이엘사이언스,*,*,*,*
우진아이엔에스,1786,3545,1,NNP,*,F,우진아이엔에스,*,*,*,*
청담러닝,1786,3546,1,NNP,*,T,청담러닝,*,*,*,*
리드코프,1786,3545,1,NNP,*,F,리드코프,*,*,*,*
화천기공,1786,3546,1,NNP,*,T,화천기공,*,*,*,*
유니테스트,1786,3545,1,NNP,*,F,유니테스트,*,*,*,*
프리엠스,1786,3545,1,NNP,*,F,프리엠스,*,*,*,*
예스코홀딩스,1786,3545,1,NNP,*,F,예스코홀딩스,*,*,*,*
화승인더스트리,1786,3545,1,NNP,*,F,화승인더스트리,*,*,*,*
한국알콜,1786,3546,1,NNP,*,T,한국알콜,*,*,*,*
디지캡,1786,3546,1,NNP,*,T,디지캡,*,*,*,*
디에이테크놀로지,1786,3545,1,NNP,*,F,디에이테크놀로지,*,*,*,*
영화금속,1786,3546,1,NNP,*,T,영화금속,*,*,*,*
승일,1786,3546,1,NNP,*,T,승일,*,*,*,*
글로본,1786,3546,1,NNP,*,T,글로본,*,*,*,*
쎄노텍,1786,3546,1,NNP,*,T,쎄노텍,*,*,*,*
세방전지,1786,3545,1,NNP,*,F,세방전지,*,*,*,*
태경비케이,1786,3545,1,NNP,*,F,태경비케이,*,*,*,*
램테크놀러지,1786,3545,1,NNP,*,F,램테크놀러지,*,*,*,*
노랑풍선,1786,3546,1,NNP,*,T,노랑풍선,*,*,*,*
GST,1786,3545,1,NNP,*,F,GST,*,*,*,*
하이비젼시스템,1786,3546,1,NNP,*,T,하이비젼시스템,*,*,*,*
에이디테크놀로지,1786,3545,1,NNP,*,F,에이디테크놀로지,*,*,*,*
휴젤,1786,3546,1,NNP,*,T,휴젤,*,*,*,*
마이크로컨텍솔,1786,3546,1,NNP,*,T,마이크로컨텍솔,*,*,*,*
삼화페인트공업,1786,3546,1,NNP,*,T,삼화페인트공업,*,*,*,*
와이제이엠게임즈,1786,3545,1,NNP,*,F,와이제이엠게임즈,*,*,*,*
덕성,1786,3546,1,NNP,*,T,덕성,*,*,*,*
디엔에이링크,1786,3545,1,NNP,*,F,디엔에이링크,*,*,*,*
에스피지,1786,3545,1,NNP,*,F,에스피지,*,*,*,*
티씨케이,1786,3545,1,NNP,*,F,티씨케이,*,*,*,*
WISCOM,1786,3545,1,NNP,*,F,WISCOM,*,*,*,*
인바이오젠,1786,3546,1,NNP,*,T,인바이오젠,*,*,*,*
파이오링크,1786,3545,1,NNP,*,F,파이오링크,*,*,*,*
레드캡투어,1786,3545,1,NNP,*,F,레드캡투어,*,*,*,*
솔루스첨단소재,1786,3545,1,NNP,*,F,솔루스첨단소재,*,*,*,*
유화증권,1786,3546,1,NNP,*,T,유화증권,*,*,*,*
한국경제TV,1786,3545,1,NNP,*,F,한국경제TV,*,*,*,*
체리부로,1786,3545,1,NNP,*,F,체리부로,*,*,*,*
나인테크,1786,3545,1,NNP,*,F,나인테크,*,*,*,*
조일알미늄,1786,3546,1,NNP,*,T,조일알미늄,*,*,*,*
한국공항,1786,3546,1,NNP,*,T,한국공항,*,*,*,*
남해화학,1786,3546,1,NNP,*,T,남해화학,*,*,*,*
힘스,1786,3545,1,NNP,*,F,힘스,*,*,*,*
성보화학,1786,3546,1,NNP,*,T,성보화학,*,*,*,*
에스제이엠홀딩스,1786,3545,1,NNP,*,F,에스제이엠홀딩스,*,*,*,*
바이오로그디바이스,1786,3545,1,NNP,*,F,바이오로그디바이스,*,*,*,*
우성사료,1786,3545,1,NNP,*,F,우성사료,*,*,*,*
토박스코리아,1786,3545,1,NNP,*,F,토박스코리아,*,*,*,*
아미코젠,1786,3546,1,NNP,*,T,아미코젠,*,*,*,*
한국앤컴퍼니,1786,3545,1,NNP,*,F,한국앤컴퍼니,*,*,*,*
엔씨소프트,1786,3545,1,NNP,*,F,엔씨소프트,*,*,*,*
대아티아이,1786,3545,1,NNP,*,F,대아티아이,*,*,*,*
엘브이엠씨,1786,3545,1,NNP,*,F,엘브이엠씨,*,*,*,*
영보화학,1786,3546,1,NNP,*,T,영보화학,*,*,*,*
조이시티,1786,3545,1,NNP,*,F,조이시티,*,*,*,*
한빛소프트,1786,3545,1,NNP,*,F,한빛소프트,*,*,*,*
소프트캠프,1786,3545,1,NNP,*,F,소프트캠프,*,*,*,*
제놀루션,1786,3546,1,NNP,*,T,제놀루션,*,*,*,*
동서,1786,3545,1,NNP,*,F,동서,*,*,*,*
세경하이테크,1786,3545,1,NNP,*,F,세경하이테크,*,*,*,*
파인디지털,1786,3546,1,NNP,*,T,파인디지털,*,*,*,*
라온피플,1786,3546,1,NNP,*,T,라온피플,*,*,*,*
스킨앤스킨,1786,3546,1,NNP,*,T,스킨앤스킨,*,*,*,*
코오롱티슈진,1786,3546,1,NNP,*,T,코오롱티슈진,*,*,*,*
호전실업,1786,3546,1,NNP,*,T,호전실업,*,*,*,*
오성첨단소재,1786,3545,1,NNP,*,F,오성첨단소재,*,*,*,*
코리안리,1786,3545,1,NNP,*,F,코리안리,*,*,*,*
이엠코리아,1786,3545,1,NNP,*,F,이엠코리아,*,*,*,*
대원미디어,1786,3545,1,NNP,*,F,대원미디어,*,*,*,*
아가방컴퍼니,1786,3545,1,NNP,*,F,아가방컴퍼니,*,*,*,*
에이프로,1786,3545,1,NNP,*,F,에이프로,*,*,*,*
SBS콘텐츠허브,1786,3545,1,NNP,*,F,SBS콘텐츠허브,*,*,*,*
롯데케미칼,1786,3546,1,NNP,*,T,롯데케미칼,*,*,*,*
삼화콘덴서공업,1786,3546,1,NNP,*,T,삼화콘덴서공업,*,*,*,*
켐온,1786,3546,1,NNP,*,T,켐온,*,*,*,*
YBM넷,1786,3546,1,NNP,*,T,YBM넷,*,*,*,*
천일고속,1786,3546,1,NNP,*,T,천일고속,*,*,*,*
농우바이오,1786,3545,1,NNP,*,F,농우바이오,*,*,*,*
코스나인,1786,3546,1,NNP,*,T,코스나인,*,*,*,*
CMG제약,1786,3546,1,NNP,*,T,CMG제약,*,*,*,*
이랜시스,1786,3545,1,NNP,*,F,이랜시스,*,*,*,*
에이루트,1786,3545,1,NNP,*,F,에이루트,*,*,*,*
체시스,1786,3545,1,NNP,*,F,체시스,*,*,*,*
태웅로직스,1786,3545,1,NNP,*,F,태웅로직스,*,*,*,*
피엔케이피부임상연구센타,1786,3545,1,NNP,*,F,피엔케이피부임상연구센타,*,*,*,*
매직마이크로,1786,3545,1,NNP,*,F,매직마이크로,*,*,*,*
샘코,1786,3545,1,NNP,*,F,샘코,*,*,*,*
대원화성,1786,3546,1,NNP,*,T,대원화성,*,*,*,*
클래시스,1786,3545,1,NNP,*,F,클래시스,*,*,*,*
제이콘텐트리,1786,3545,1,NNP,*,F,제이콘텐트리,*,*,*,*
매일유업,1786,3546,1,NNP,*,T,매일유업,*,*,*,*
유양디앤유,1786,3545,1,NNP,*,F,유양디앤유,*,*,*,*
파세코,1786,3545,1,NNP,*,F,파세코,*,*,*,*
에이피티씨,1786,3545,1,NNP,*,F,에이피티씨,*,*,*,*
네오티스,1786,3545,1,NNP,*,F,네오티스,*,*,*,*
에스티오,1786,3545,1,NNP,*,F,에스티오,*,*,*,*
삼양식품,1786,3546,1,NNP,*,T,삼양식품,*,*,*,*
샘표,1786,3545,1,NNP,*,F,샘표,*,*,*,*
경동도시가스,1786,3545,1,NNP,*,F,경동도시가스,*,*,*,*
수산중공업,1786,3546,1,NNP,*,T,수산중공업,*,*,*,*
홈센타홀딩스,1786,3545,1,NNP,*,F,홈센타홀딩스,*,*,*,*
대림통상,1786,3546,1,NNP,*,T,대림통상,*,*,*,*
바디텍메드,1786,3545,1,NNP,*,F,바디텍메드,*,*,*,*
KBI메탈,1786,3546,1,NNP,*,T,KBI메탈,*,*,*,*
웹스,1786,3545,1,NNP,*,F,웹스,*,*,*,*
태양,1786,3546,1,NNP,*,T,태양,*,*,*,*
스카이문스테크놀로지,1786,3545,1,NNP,*,F,스카이문스테크놀로지,*,*,*,*
나노스,1786,3545,1,NNP,*,F,나노스,*,*,*,*
에이씨티,1786,3545,1,NNP,*,F,에이씨티,*,*,*,*
케이씨씨,1786,3545,1,NNP,*,F,케이씨씨,*,*,*,*
아이에이치큐,1786,3545,1,NNP,*,F,아이에이치큐,*,*,*,*
하이트진로,1786,3545,1,NNP,*,F,하이트진로,*,*,*,*
선광,1786,3546,1,NNP,*,T,선광,*,*,*,*
팅크웨어,1786,3545,1,NNP,*,F,팅크웨어,*,*,*,*
강스템바이오텍,1786,3546,1,NNP,*,T,강스템바이오텍,*,*,*,*
멀티캠퍼스,1786,3545,1,NNP,*,F,멀티캠퍼스,*,*,*,*
스튜디오산타클로스,1786,3545,1,NNP,*,F,스튜디오산타클로스,*,*,*,*
서산,1786,3546,1,NNP,*,T,서산,*,*,*,*
코다코,1786,3545,1,NNP,*,F,코다코,*,*,*,*
서울반도체,1786,3545,1,NNP,*,F,서울반도체,*,*,*,*
현진소재,1786,3545,1,NNP,*,F,현진소재,*,*,*,*
에스에너지,1786,3545,1,NNP,*,F,에스에너지,*,*,*,*
현대차증권,1786,3546,1,NNP,*,T,현대차증권,*,*,*,*
나라엠앤디,1786,3545,1,NNP,*,F,나라엠앤디,*,*,*,*
NHN한국사이버결제,1786,3545,1,NNP,*,F,NHN한국사이버결제,*,*,*,*
브리지텍,1786,3546,1,NNP,*,T,브리지텍,*,*,*,*
에이블씨엔씨,1786,3545,1,NNP,*,F,에이블씨엔씨,*,*,*,*
SGA솔루션즈,1786,3545,1,NNP,*,F,SGA솔루션즈,*,*,*,*
도이치모터스,1786,3545,1,NNP,*,F,도이치모터스,*,*,*,*
한국정보통신,1786,3546,1,NNP,*,T,한국정보통신,*,*,*,*
쌍용양회공업,1786,3546,1,NNP,*,T,쌍용양회공업,*,*,*,*
서암기계공업,1786,3546,1,NNP,*,T,서암기계공업,*,*,*,*
엘오티베큠,1786,3546,1,NNP,*,T,엘오티베큠,*,*,*,*
엔시트론,1786,3546,1,NNP,*,T,엔시트론,*,*,*,*
대호에이엘,1786,3546,1,NNP,*,T,대호에이엘,*,*,*,*
상신브레이크,1786,3545,1,NNP,*,F,상신브레이크,*,*,*,*
GRT,1786,3545,1,NNP,*,F,GRT,*,*,*,*
동성화학,1786,3546,1,NNP,*,T,동성화학,*,*,*,*
이엠네트웍스,1786,3545,1,NNP,*,F,이엠네트웍스,*,*,*,*
에이에프더블류,1786,3545,1,NNP,*,F,에이에프더블류,*,*,*,*
하나투어,1786,3545,1,NNP,*,F,하나투어,*,*,*,*
오이솔루션,1786,3546,1,NNP,*,T,오이솔루션,*,*,*,*
한국화장품제조,1786,3545,1,NNP,*,F,한국화장품제조,*,*,*,*
하이트진로홀딩스,1786,3545,1,NNP,*,F,하이트진로홀딩스,*,*,*,*
신진에스엠,1786,3546,1,NNP,*,T,신진에스엠,*,*,*,*
칩스앤미디어,1786,3545,1,NNP,*,F,칩스앤미디어,*,*,*,*
하이제5호스팩,1786,3546,1,NNP,*,T,하이제5호스팩,*,*,*,*
다원시스,1786,3545,1,NNP,*,F,다원시스,*,*,*,*
로보스타,1786,3545,1,NNP,*,F,로보스타,*,*,*,*
한일홀딩스,1786,3545,1,NNP,*,F,한일홀딩스,*,*,*,*
옵티팜,1786,3546,1,NNP,*,T,옵티팜,*,*,*,*
크라운해태홀딩스,1786,3545,1,NNP,*,F,크라운해태홀딩스,*,*,*,*
디아이,1786,3545,1,NNP,*,F,디아이,*,*,*,*
지니언스,1786,3545,1,NNP,*,F,지니언스,*,*,*,*
웰바이오텍,1786,3546,1,NNP,*,T,웰바이오텍,*,*,*,*
이건산업,1786,3546,1,NNP,*,T,이건산업,*,*,*,*
두올,1786,3546,1,NNP,*,T,두올,*,*,*,*
세아특수강,1786,3546,1,NNP,*,T,세아특수강,*,*,*,*
아시아나항공,1786,3546,1,NNP,*,T,아시아나항공,*,*,*,*
티로보틱스,1786,3545,1,NNP,*,F,티로보틱스,*,*,*,*
신테카바이오,1786,3545,1,NNP,*,F,신테카바이오,*,*,*,*
광주신세계,1786,3545,1,NNP,*,F,광주신세계,*,*,*,*
한컴위드,1786,3545,1,NNP,*,F,한컴위드,*,*,*,*
EG,1786,3545,1,NNP,*,F,EG,*,*,*,*
하이소닉,1786,3546,1,NNP,*,T,하이소닉,*,*,*,*
팜스토리,1786,3545,1,NNP,*,F,팜스토리,*,*,*,*
한화투자증권,1786,3546,1,NNP,*,T,한화투자증권,*,*,*,*
풀무원,1786,3546,1,NNP,*,T,풀무원,*,*,*,*
SKC,1786,3545,1,NNP,*,F,SKC,*,*,*,*
SK디스커버리,1786,3545,1,NNP,*,F,SK디스커버리,*,*,*,*
케이아이엔엑스,1786,3545,1,NNP,*,F,케이아이엔엑스,*,*,*,*
디딤,1786,3546,1,NNP,*,T,디딤,*,*,*,*
TS트릴리온,1786,3546,1,NNP,*,T,TS트릴리온,*,*,*,*
잉글우드랩,1786,3546,1,NNP,*,T,잉글우드랩,*,*,*,*
씨젠,1786,3546,1,NNP,*,T,씨젠,*,*,*,*
세아제강지주,1786,3545,1,NNP,*,F,세아제강지주,*,*,*,*
브레인콘텐츠,1786,3545,1,NNP,*,F,브레인콘텐츠,*,*,*,*
삼화네트웍스,1786,3545,1,NNP,*,F,삼화네트웍스,*,*,*,*
케이엠제약,1786,3546,1,NNP,*,T,케이엠제약,*,*,*,*
동방아그로,1786,3545,1,NNP,*,F,동방아그로,*,*,*,*
우진,1786,3546,1,NNP,*,T,우진,*,*,*,*
천보,1786,3545,1,NNP,*,F,천보,*,*,*,*
대동공업,1786,3546,1,NNP,*,T,대동공업,*,*,*,*
고려산업,1786,3546,1,NNP,*,T,고려산업,*,*,*,*
HRS,1786,3545,1,NNP,*,F,HRS,*,*,*,*
와이지-원,1786,3546,1,NNP,*,T,와이지-원,*,*,*,*
동일금속,1786,3546,1,NNP,*,T,동일금속,*,*,*,*
옵트론텍,1786,3546,1,NNP,*,T,옵트론텍,*,*,*,*
디티알오토모티브,1786,3545,1,NNP,*,F,디티알오토모티브,*,*,*,*
삼성카드,1786,3545,1,NNP,*,F,삼성카드,*,*,*,*
포메탈,1786,3546,1,NNP,*,T,포메탈,*,*,*,*
아톤,1786,3546,1,NNP,*,T,아톤,*,*,*,*
하이텍팜,1786,3546,1,NNP,*,T,하이텍팜,*,*,*,*
태웅,1786,3546,1,NNP,*,T,태웅,*,*,*,*
케이프,1786,3545,1,NNP,*,F,케이프,*,*,*,*
큐로홀딩스,1786,3545,1,NNP,*,F,큐로홀딩스,*,*,*,*
삼진제약,1786,3546,1,NNP,*,T,삼진제약,*,*,*,*
가비아,1786,3545,1,NNP,*,F,가비아,*,*,*,*
전진바이오팜,1786,3546,1,NNP,*,T,전진바이오팜,*,*,*,*
하이록코리아,1786,3545,1,NNP,*,F,하이록코리아,*,*,*,*
아이에스이커머스,1786,3545,1,NNP,*,F,아이에스이커머스,*,*,*,*
서플러스글로벌,1786,3546,1,NNP,*,T,서플러스글로벌,*,*,*,*
한세엠케이,1786,3545,1,NNP,*,F,한세엠케이,*,*,*,*
부산도시가스,1786,3545,1,NNP,*,F,부산도시가스,*,*,*,*
대성홀딩스,1786,3545,1,NNP,*,F,대성홀딩스,*,*,*,*
캔서롭,1786,3546,1,NNP,*,T,캔서롭,*,*,*,*
와이엔텍,1786,3546,1,NNP,*,T,와이엔텍,*,*,*,*
미래에셋벤처투자,1786,3545,1,NNP,*,F,미래에셋벤처투자,*,*,*,*
TCC스틸,1786,3546,1,NNP,*,T,TCC스틸,*,*,*,*
후성,1786,3546,1,NNP,*,T,후성,*,*,*,*
라파스,1786,3545,1,NNP,*,F,라파스,*,*,*,*
아이컴포넌트,1786,3545,1,NNP,*,F,아이컴포넌트,*,*,*,*
코스맥스,1786,3545,1,NNP,*,F,코스맥스,*,*,*,*
한국주강,1786,3546,1,NNP,*,T,한국주강,*,*,*,*
동아화성,1786,3546,1,NNP,*,T,동아화성,*,*,*,*
위세아이텍,1786,3546,1,NNP,*,T,위세아이텍,*,*,*,*
엠벤처투자,1786,3545,1,NNP,*,F,엠벤처투자,*,*,*,*
린드먼아시아,1786,3545,1,NNP,*,F,린드먼아시아,*,*,*,*
이트론,1786,3546,1,NNP,*,T,이트론,*,*,*,*
미래산업,1786,3546,1,NNP,*,T,미래산업,*,*,*,*
한전KPS,1786,3545,1,NNP,*,F,한전KPS,*,*,*,*
에이치시티,1786,3545,1,NNP,*,F,에이치시티,*,*,*,*
디케이락,1786,3546,1,NNP,*,T,디케이락,*,*,*,*
사람인에이치알,1786,3546,1,NNP,*,T,사람인에이치알,*,*,*,*
아바텍,1786,3546,1,NNP,*,T,아바텍,*,*,*,*
에이치엘사이언스,1786,3545,1,NNP,*,F,에이치엘사이언스,*,*,*,*
한국선재,1786,3545,1,NNP,*,F,한국선재,*,*,*,*
LG하우시스,1786,3545,1,NNP,*,F,LG하우시스,*,*,*,*
연우,1786,3545,1,NNP,*,F,연우,*,*,*,*
엔에이치엔,1786,3546,1,NNP,*,T,엔에이치엔,*,*,*,*
메타바이오메드,1786,3545,1,NNP,*,F,메타바이오메드,*,*,*,*
성창기업지주,1786,3545,1,NNP,*,F,성창기업지주,*,*,*,*
에넥스,1786,3545,1,NNP,*,F,에넥스,*,*,*,*
MP그룹,1786,3546,1,NNP,*,T,MP그룹,*,*,*,*
삼성스팩2호,1786,3545,1,NNP,*,F,삼성스팩2호,*,*,*,*
PN풍년,1786,3546,1,NNP,*,T,PN풍년,*,*,*,*
원익QnC,1786,3545,1,NNP,*,F,원익QnC,*,*,*,*
KGETS,1786,3545,1,NNP,*,F,KGETS,*,*,*,*
BGF리테일,1786,3546,1,NNP,*,T,BGF리테일,*,*,*,*
유니드,1786,3545,1,NNP,*,F,유니드,*,*,*,*
코나아이,1786,3545,1,NNP,*,F,코나아이,*,*,*,*
우리산업홀딩스,1786,3545,1,NNP,*,F,우리산업홀딩스,*,*,*,*
케이탑리츠,1786,3545,1,NNP,*,F,케이탑리츠,*,*,*,*
우리손에프앤지,1786,3545,1,NNP,*,F,우리손에프앤지,*,*,*,*
DRB동일,1786,3546,1,NNP,*,T,DRB동일,*,*,*,*
아래스,1786,3545,1,NNP,*,F,아래스,*,*,*,*
삼본전자,1786,3545,1,NNP,*,F,삼본전자,*,*,*,*
핌스,1786,3545,1,NNP,*,F,핌스,*,*,*,*
엔에스쇼핑,1786,3546,1,NNP,*,T,엔에스쇼핑,*,*,*,*
코스메카코리아,1786,3545,1,NNP,*,F,코스메카코리아,*,*,*,*
삼진,1786,3546,1,NNP,*,T,삼진,*,*,*,*
일지테크,1786,3545,1,NNP,*,F,일지테크,*,*,*,*
TS인베스트먼트,1786,3545,1,NNP,*,F,TS인베스트먼트,*,*,*,*
GH신소재,1786,3545,1,NNP,*,F,GH신소재,*,*,*,*
조광ILI,1786,3545,1,NNP,*,F,조광ILI,*,*,*,*
아모레퍼시픽그룹,1786,3546,1,NNP,*,T,아모레퍼시픽그룹,*,*,*,*
클리오,1786,3545,1,NNP,*,F,클리오,*,*,*,*
에스씨엠생명과학,1786,3546,1,NNP,*,T,에스씨엠생명과학,*,*,*,*
서울식품공업,1786,3546,1,NNP,*,T,서울식품공업,*,*,*,*
대한전선,1786,3546,1,NNP,*,T,대한전선,*,*,*,*
태평양물산,1786,3546,1,NNP,*,T,태평양물산,*,*,*,*
애니플러스,1786,3545,1,NNP,*,F,애니플러스,*,*,*,*
해태제과식품,1786,3546,1,NNP,*,T,해태제과식품,*,*,*,*
대한제강,1786,3546,1,NNP,*,T,대한제강,*,*,*,*
이크레더블,1786,3546,1,NNP,*,T,이크레더블,*,*,*,*
평화정공,1786,3546,1,NNP,*,T,평화정공,*,*,*,*
E1,1786,3545,1,NNP,*,F,E1,*,*,*,*
카카오,1786,3545,1,NNP,*,F,카카오,*,*,*,*
효성ITX,1786,3545,1,NNP,*,F,효성ITX,*,*,*,*
잇츠한불,1786,3546,1,NNP,*,T,잇츠한불,*,*,*,*
카프로,1786,3545,1,NNP,*,F,카프로,*,*,*,*
영신금속,1786,3546,1,NNP,*,T,영신금속,*,*,*,*
경동나비엔,1786,3546,1,NNP,*,T,경동나비엔,*,*,*,*
율호,1786,3545,1,NNP,*,F,율호,*,*,*,*
한일현대시멘트,1786,3545,1,NNP,*,F,한일현대시멘트,*,*,*,*
메디아나,1786,3545,1,NNP,*,F,메디아나,*,*,*,*
웹케시,1786,3545,1,NNP,*,F,웹케시,*,*,*,*
씨티케이코스메틱스,1786,3545,1,NNP,*,F,씨티케이코스메틱스,*,*,*,*
금강공업,1786,3546,1,NNP,*,T,금강공업,*,*,*,*
판타지오,1786,3545,1,NNP,*,F,판타지오,*,*,*,*
오하임아이엔티,1786,3545,1,NNP,*,F,오하임아이엔티,*,*,*,*
동원산업,1786,3546,1,NNP,*,T,동원산업,*,*,*,*
토탈소프트,1786,3545,1,NNP,*,F,토탈소프트,*,*,*,*
한솔홈데코,1786,3545,1,NNP,*,F,한솔홈데코,*,*,*,*
현대해상,1786,3546,1,NNP,*,T,현대해상,*,*,*,*
알서포트,1786,3545,1,NNP,*,F,알서포트,*,*,*,*
얼라인드,1786,3545,1,NNP,*,F,얼라인드,*,*,*,*
엔피씨,1786,3545,1,NNP,*,F,엔피씨,*,*,*,*
엘디티,1786,3545,1,NNP,*,F,엘디티,*,*,*,*
에코마케팅,1786,3546,1,NNP,*,T,에코마케팅,*,*,*,*
비즈니스온,1786,3546,1,NNP,*,T,비즈니스온,*,*,*,*
우리기술투자,1786,3545,1,NNP,*,F,우리기술투자,*,*,*,*
디티앤씨,1786,3545,1,NNP,*,F,디티앤씨,*,*,*,*
HSD엔진,1786,3546,1,NNP,*,T,HSD엔진,*,*,*,*
양지사,1786,3545,1,NNP,*,F,양지사,*,*,*,*
드림씨아이에스,1786,3545,1,NNP,*,F,드림씨아이에스,*,*,*,*
KTcs,1786,3545,1,NNP,*,F,KTcs,*,*,*,*
다스코,1786,3545,1,NNP,*,F,다스코,*,*,*,*
엔지스테크널러지,1786,3545,1,NNP,*,F,엔지스테크널러지,*,*,*,*
삼영이엔씨,1786,3545,1,NNP,*,F,삼영이엔씨,*,*,*,*
티앤알바이오팹,1786,3546,1,NNP,*,T,티앤알바이오팹,*,*,*,*
녹원씨엔아이,1786,3545,1,NNP,*,F,녹원씨엔아이,*,*,*,*
모두투어리츠,1786,3545,1,NNP,*,F,모두투어리츠,*,*,*,*
현대코퍼레이션홀딩스,1786,3545,1,NNP,*,F,현대코퍼레이션홀딩스,*,*,*,*
동원F&B,1786,3545,1,NNP,*,F,동원F&B,*,*,*,*
브랜드엑스코퍼레이션,1786,3546,1,NNP,*,T,브랜드엑스코퍼레이션,*,*,*,*
대모,1786,3545,1,NNP,*,F,대모,*,*,*,*
태경산업,1786,3546,1,NNP,*,T,태경산업,*,*,*,*
우리로,1786,3545,1,NNP,*,F,우리로,*,*,*,*
에이치케이,1786,3545,1,NNP,*,F,에이치케이,*,*,*,*
오르비텍,1786,3546,1,NNP,*,T,오르비텍,*,*,*,*
에이프로젠H&G,1786,3545,1,NNP,*,F,에이프로젠H&G,*,*,*,*
아모레퍼시픽,1786,3546,1,NNP,*,T,아모레퍼시픽,*,*,*,*
유안타증권,1786,3546,1,NNP,*,T,유안타증권,*,*,*,*
대동기어,1786,3545,1,NNP,*,F,대동기어,*,*,*,*
노루홀딩스,1786,3545,1,NNP,*,F,노루홀딩스,*,*,*,*
모두투어,1786,3545,1,NNP,*,F,모두투어,*,*,*,*
보해양조,1786,3545,1,NNP,*,F,보해양조,*,*,*,*
STX엔진,1786,3546,1,NNP,*,T,STX엔진,*,*,*,*
인포바인,1786,3546,1,NNP,*,T,인포바인,*,*,*,*
컴퍼니케이,1786,3545,1,NNP,*,F,컴퍼니케이,*,*,*,*
드림어스컴퍼니,1786,3545,1,NNP,*,F,드림어스컴퍼니,*,*,*,*
백금T&A,1786,3545,1,NNP,*,F,백금T&A,*,*,*,*
에프에스티,1786,3545,1,NNP,*,F,에프에스티,*,*,*,*
인텍플러스,1786,3545,1,NNP,*,F,인텍플러스,*,*,*,*
텔레칩스,1786,3545,1,NNP,*,F,텔레칩스,*,*,*,*
삼일,1786,3546,1,NNP,*,T,삼일,*,*,*,*
대창,1786,3546,1,NNP,*,T,대창,*,*,*,*
서한,1786,3546,1,NNP,*,T,서한,*,*,*,*
비덴트,1786,3545,1,NNP,*,F,비덴트,*,*,*,*
드림시큐리티,1786,3545,1,NNP,*,F,드림시큐리티,*,*,*,*
한화손해보험,1786,3546,1,NNP,*,T,한화손해보험,*,*,*,*
에스제이그룹,1786,3546,1,NNP,*,T,에스제이그룹,*,*,*,*
메디톡스,1786,3545,1,NNP,*,F,메디톡스,*,*,*,*
LG유플러스,1786,3545,1,NNP,*,F,LG유플러스,*,*,*,*
장원테크,1786,3545,1,NNP,*,F,장원테크,*,*,*,*
경인양행,1786,3546,1,NNP,*,T,경인양행,*,*,*,*
대성창투,1786,3545,1,NNP,*,F,대성창투,*,*,*,*
ISC,1786,3545,1,NNP,*,F,ISC,*,*,*,*
휴먼엔,1786,3546,1,NNP,*,T,휴먼엔,*,*,*,*
티비에이치글로벌,1786,3546,1,NNP,*,T,티비에이치글로벌,*,*,*,*
컨버즈,1786,3545,1,NNP,*,F,컨버즈,*,*,*,*
네오크레마,1786,3545,1,NNP,*,F,네오크레마,*,*,*,*
민앤지,1786,3545,1,NNP,*,F,민앤지,*,*,*,*
메탈라이프,1786,3545,1,NNP,*,F,메탈라이프,*,*,*,*
페이퍼코리아,1786,3545,1,NNP,*,F,페이퍼코리아,*,*,*,*
제주항공,1786,3546,1,NNP,*,T,제주항공,*,*,*,*
용평리조트,1786,3545,1,NNP,*,F,용평리조트,*,*,*,*
디와이파워,1786,3545,1,NNP,*,F,디와이파워,*,*,*,*
KB금융,1786,3546,1,NNP,*,T,KB금융,*,*,*,*
이글벳,1786,3546,1,NNP,*,T,이글벳,*,*,*,*
하이트론씨스템즈,1786,3545,1,NNP,*,F,하이트론씨스템즈,*,*,*,*
남양유업,1786,3546,1,NNP,*,T,남양유업,*,*,*,*
셀리드,1786,3545,1,NNP,*,F,셀리드,*,*,*,*
하나금융16호스팩,1786,3546,1,NNP,*,T,하나금융16호스팩,*,*,*,*
씨유메디칼,1786,3546,1,NNP,*,T,씨유메디칼,*,*,*,*
디에이치피코리아,1786,3545,1,NNP,*,F,디에이치피코리아,*,*,*,*
고려제강,1786,3546,1,NNP,*,T,고려제강,*,*,*,*
제이엘케이,1786,3545,1,NNP,*,F,제이엘케이,*,*,*,*
벽산,1786,3546,1,NNP,*,T,벽산,*,*,*,*
광진실업,1786,3546,1,NNP,*,T,광진실업,*,*,*,*
SCI평가정보,1786,3545,1,NNP,*,F,SCI평가정보,*,*,*,*
국보,1786,3545,1,NNP,*,F,국보,*,*,*,*
아우딘퓨쳐스,1786,3545,1,NNP,*,F,아우딘퓨쳐스,*,*,*,*
메카로,1786,3545,1,NNP,*,F,메카로,*,*,*,*
셀리버리,1786,3545,1,NNP,*,F,셀리버리,*,*,*,*
레고켐바이오,1786,3545,1,NNP,*,F,레고켐바이오,*,*,*,*
해성옵틱스,1786,3545,1,NNP,*,F,해성옵틱스,*,*,*,*
지더블유바이텍,1786,3546,1,NNP,*,T,지더블유바이텍,*,*,*,*
동원수산,1786,3546,1,NNP,*,T,동원수산,*,*,*,*
다나와,1786,3545,1,NNP,*,F,다나와,*,*,*,*
메디포스트,1786,3545,1,NNP,*,F,메디포스트,*,*,*,*
한익스프레스,1786,3545,1,NNP,*,F,한익스프레스,*,*,*,*
영원무역,1786,3546,1,NNP,*,T,영원무역,*,*,*,*
케이프이에스제4호,1786,3545,1,NNP,*,F,케이프이에스제4호,*,*,*,*
삼양패키징,1786,3546,1,NNP,*,T,삼양패키징,*,*,*,*
진에어,1786,3545,1,NNP,*,F,진에어,*,*,*,*
젬백스지오,1786,3545,1,NNP,*,F,젬백스지오,*,*,*,*
셀바스헬스케어,1786,3545,1,NNP,*,F,셀바스헬스케어,*,*,*,*
제닉,1786,3546,1,NNP,*,T,제닉,*,*,*,*
네이처셀,1786,3546,1,NNP,*,T,네이처셀,*,*,*,*
예선테크,1786,3545,1,NNP,*,F,예선테크,*,*,*,*
에스코넥,1786,3546,1,NNP,*,T,에스코넥,*,*,*,*
바텍,1786,3546,1,NNP,*,T,바텍,*,*,*,*
시티랩스,1786,3545,1,NNP,*,F,시티랩스,*,*,*,*
네이블커뮤니케이션즈,1786,3545,1,NNP,*,F,네이블커뮤니케이션즈,*,*,*,*
대림비앤코,1786,3545,1,NNP,*,F,대림비앤코,*,*,*,*
시노펙스,1786,3545,1,NNP,*,F,시노펙스,*,*,*,*
동신건설,1786,3546,1,NNP,*,T,동신건설,*,*,*,*
하나마이크론,1786,3546,1,NNP,*,T,하나마이크론,*,*,*,*
대주산업,1786,3546,1,NNP,*,T,대주산업,*,*,*,*
국전약품,1786,3546,1,NNP,*,T,국전약품,*,*,*,*
하나금융15호스팩,1786,3546,1,NNP,*,T,하나금융15호스팩,*,*,*,*
삼화왕관,1786,3546,1,NNP,*,T,삼화왕관,*,*,*,*
KTH,1786,3545,1,NNP,*,F,KTH,*,*,*,*
알에스오토메이션,1786,3546,1,NNP,*,T,알에스오토메이션,*,*,*,*
한국석유공업,1786,3546,1,NNP,*,T,한국석유공업,*,*,*,*
바이오솔루션,1786,3546,1,NNP,*,T,바이오솔루션,*,*,*,*
하나금융14호스팩,1786,3546,1,NNP,*,T,하나금융14호스팩,*,*,*,*
하나머스트제6호스팩,1786,3546,1,NNP,*,T,하나머스트제6호스팩,*,*,*,*
광진윈텍,1786,3546,1,NNP,*,T,광진윈텍,*,*,*,*
빛샘전자,1786,3545,1,NNP,*,F,빛샘전자,*,*,*,*
퍼시스,1786,3545,1,NNP,*,F,퍼시스,*,*,*,*
신도리코,1786,3545,1,NNP,*,F,신도리코,*,*,*,*
흥아해운,1786,3546,1,NNP,*,T,흥아해운,*,*,*,*
한솔인티큐브,1786,3545,1,NNP,*,F,한솔인티큐브,*,*,*,*
옴니시스템,1786,3546,1,NNP,*,T,옴니시스템,*,*,*,*
아이엠텍,1786,3546,1,NNP,*,T,아이엠텍,*,*,*,*
파수,1786,3545,1,NNP,*,F,파수,*,*,*,*
디케이티,1786,3545,1,NNP,*,F,디케이티,*,*,*,*
세화피앤씨,1786,3545,1,NNP,*,F,세화피앤씨,*,*,*,*
YW,1786,3545,1,NNP,*,F,YW,*,*,*,*
신송홀딩스,1786,3545,1,NNP,*,F,신송홀딩스,*,*,*,*
비상교육,1786,3546,1,NNP,*,T,비상교육,*,*,*,*
파버나인,1786,3546,1,NNP,*,T,파버나인,*,*,*,*
대신밸런스제8호스팩,1786,3546,1,NNP,*,T,대신밸런스제8호스팩,*,*,*,*
네오오토,1786,3545,1,NNP,*,F,네오오토,*,*,*,*
팍스넷,1786,3546,1,NNP,*,T,팍스넷,*,*,*,*
한일화학,1786,3546,1,NNP,*,T,한일화학,*,*,*,*
광전자,1786,3545,1,NNP,*,F,광전자,*,*,*,*
서진시스템,1786,3546,1,NNP,*,T,서진시스템,*,*,*,*
유니셈,1786,3546,1,NNP,*,T,유니셈,*,*,*,*
SBI인베스트먼트,1786,3545,1,NNP,*,F,SBI인베스트먼트,*,*,*,*
미코,1786,3545,1,NNP,*,F,미코,*,*,*,*
휴네시온,1786,3546,1,NNP,*,T,휴네시온,*,*,*,*
선창산업,1786,3546,1,NNP,*,T,선창산업,*,*,*,*
휴비스,1786,3545,1,NNP,*,F,휴비스,*,*,*,*
비피도,1786,3545,1,NNP,*,F,비피도,*,*,*,*
에스에이티,1786,3545,1,NNP,*,F,에스에이티,*,*,*,*
한국카본,1786,3546,1,NNP,*,T,한국카본,*,*,*,*
케이비17호스팩,1786,3546,1,NNP,*,T,케이비17호스팩,*,*,*,*
케이비제18호스팩,1786,3546,1,NNP,*,T,케이비제18호스팩,*,*,*,*
케이비제20호스팩,1786,3546,1,NNP,*,T,케이비제20호스팩,*,*,*,*
스타모빌리티,1786,3545,1,NNP,*,F,스타모빌리티,*,*,*,*
남선알미늄,1786,3546,1,NNP,*,T,남선알미늄,*,*,*,*
효성,1786,3546,1,NNP,*,T,효성,*,*,*,*
유유제약,1786,3546,1,NNP,*,T,유유제약,*,*,*,*
켄코아에어로스페이스,1786,3545,1,NNP,*,F,켄코아에어로스페이스,*,*,*,*
삼부토건,1786,3546,1,NNP,*,T,삼부토건,*,*,*,*
제룡산업,1786,3546,1,NNP,*,T,제룡산업,*,*,*,*
한솔제지,1786,3545,1,NNP,*,F,한솔제지,*,*,*,*
성도이엔지,1786,3545,1,NNP,*,F,성도이엔지,*,*,*,*
대주전자재료,1786,3545,1,NNP,*,F,대주전자재료,*,*,*,*
원풍,1786,3546,1,NNP,*,T,원풍,*,*,*,*
트루윈,1786,3546,1,NNP,*,T,트루윈,*,*,*,*
레이언스,1786,3545,1,NNP,*,F,레이언스,*,*,*,*
비보존헬스케어,1786,3545,1,NNP,*,F,비보존헬스케어,*,*,*,*
노루페인트,1786,3545,1,NNP,*,F,노루페인트,*,*,*,*
아이비김영,1786,3546,1,NNP,*,T,아이비김영,*,*,*,*
한농화성,1786,3546,1,NNP,*,T,한농화성,*,*,*,*
유니온,1786,3546,1,NNP,*,T,유니온,*,*,*,*
유아이디,1786,3545,1,NNP,*,F,유아이디,*,*,*,*
모나미,1786,3545,1,NNP,*,F,모나미,*,*,*,*
와이팜,1786,3546,1,NNP,*,T,와이팜,*,*,*,*
디스플레이텍,1786,3546,1,NNP,*,T,디스플레이텍,*,*,*,*
더블유에프엠,1786,3546,1,NNP,*,T,더블유에프엠,*,*,*,*
비아트론,1786,3546,1,NNP,*,T,비아트론,*,*,*,*
제이브이엠,1786,3546,1,NNP,*,T,제이브이엠,*,*,*,*
비엠티,1786,3545,1,NNP,*,F,비엠티,*,*,*,*
한전기술,1786,3546,1,NNP,*,T,한전기술,*,*,*,*
코디,1786,3545,1,NNP,*,F,코디,*,*,*,*
세우글로벌,1786,3546,1,NNP,*,T,세우글로벌,*,*,*,*
케어랩스,1786,3545,1,NNP,*,F,케어랩스,*,*,*,*
펌텍코리아,1786,3545,1,NNP,*,F,펌텍코리아,*,*,*,*
SH에너지화학,1786,3546,1,NNP,*,T,SH에너지화학,*,*,*,*
이지홀딩스,1786,3545,1,NNP,*,F,이지홀딩스,*,*,*,*
솔고바이오,1786,3545,1,NNP,*,F,솔고바이오,*,*,*,*
조흥,1786,3546,1,NNP,*,T,조흥,*,*,*,*
오리콤,1786,3546,1,NNP,*,T,오리콤,*,*,*,*
코너스톤네트웍스,1786,3545,1,NNP,*,F,코너스톤네트웍스,*,*,*,*
농심,1786,3546,1,NNP,*,T,농심,*,*,*,*
토니모리,1786,3545,1,NNP,*,F,토니모리,*,*,*,*
미래에셋대우스팩3호,1786,3545,1,NNP,*,F,미래에셋대우스팩3호,*,*,*,*
엔케이물산,1786,3546,1,NNP,*,T,엔케이물산,*,*,*,*
넥스턴,1786,3546,1,NNP,*,T,넥스턴,*,*,*,*
코웨이,1786,3545,1,NNP,*,F,코웨이,*,*,*,*
하나머티리얼즈,1786,3545,1,NNP,*,F,하나머티리얼즈,*,*,*,*
대신밸런스제7호스팩,1786,3546,1,NNP,*,T,대신밸런스제7호스팩,*,*,*,*
한국전자인증,1786,3546,1,NNP,*,T,한국전자인증,*,*,*,*
광명전기,1786,3545,1,NNP,*,F,광명전기,*,*,*,*
한국캐피탈,1786,3546,1,NNP,*,T,한국캐피탈,*,*,*,*
이베스트스팩5호,1786,3545,1,NNP,*,F,이베스트스팩5호,*,*,*,*
무림P&P,1786,3545,1,NNP,*,F,무림P&P,*,*,*,*
퓨전,1786,3546,1,NNP,*,T,퓨전,*,*,*,*
미래에셋대우스팩4호,1786,3545,1,NNP,*,F,미래에셋대우스팩4호,*,*,*,*
우리이앤엘,1786,3546,1,NNP,*,T,우리이앤엘,*,*,*,*
제룡전기,1786,3545,1,NNP,*,F,제룡전기,*,*,*,*
진원생명과학,1786,3546,1,NNP,*,T,진원생명과학,*,*,*,*
보라티알,1786,3546,1,NNP,*,T,보라티알,*,*,*,*
아이티엠반도체,1786,3545,1,NNP,*,F,아이티엠반도체,*,*,*,*
동양철관,1786,3546,1,NNP,*,T,동양철관,*,*,*,*
이랜텍,1786,3546,1,NNP,*,T,이랜텍,*,*,*,*
인트론바이오,1786,3545,1,NNP,*,F,인트론바이오,*,*,*,*
SFA반도체,1786,3545,1,NNP,*,F,SFA반도체,*,*,*,*
DB손해보험,1786,3546,1,NNP,*,T,DB손해보험,*,*,*,*
세미콘라이트,1786,3545,1,NNP,*,F,세미콘라이트,*,*,*,*
이노션,1786,3546,1,NNP,*,T,이노션,*,*,*,*
나우IB,1786,3545,1,NNP,*,F,나우IB,*,*,*,*
성안,1786,3546,1,NNP,*,T,성안,*,*,*,*
루트로닉,1786,3546,1,NNP,*,T,루트로닉,*,*,*,*
모베이스,1786,3545,1,NNP,*,F,모베이스,*,*,*,*
타이거일렉,1786,3546,1,NNP,*,T,타이거일렉,*,*,*,*
빙그레,1786,3545,1,NNP,*,F,빙그레,*,*,*,*
삼정펄프,1786,3545,1,NNP,*,F,삼정펄프,*,*,*,*
녹십자셀,1786,3546,1,NNP,*,T,녹십자셀,*,*,*,*
사조대림,1786,3546,1,NNP,*,T,사조대림,*,*,*,*
기업은행,1786,3546,1,NNP,*,T,기업은행,*,*,*,*
극동유화,1786,3545,1,NNP,*,F,극동유화,*,*,*,*
현대홈쇼핑,1786,3546,1,NNP,*,T,현대홈쇼핑,*,*,*,*
현대퓨처넷,1786,3546,1,NNP,*,T,현대퓨처넷,*,*,*,*
한화생명,1786,3546,1,NNP,*,T,한화생명,*,*,*,*
메타랩스,1786,3545,1,NNP,*,F,메타랩스,*,*,*,*
미래생명자원,1786,3546,1,NNP,*,T,미래생명자원,*,*,*,*
아이씨디,1786,3545,1,NNP,*,F,아이씨디,*,*,*,*
피앤이솔루션,1786,3546,1,NNP,*,T,피앤이솔루션,*,*,*,*
에이아이비트,1786,3545,1,NNP,*,F,에이아이비트,*,*,*,*
SMLifeDesign,1786,3545,1,NNP,*,F,SMLifeDesign,*,*,*,*
경인전자,1786,3545,1,NNP,*,F,경인전자,*,*,*,*
티웨이항공,1786,3546,1,NNP,*,T,티웨이항공,*,*,*,*
BNK금융지주,1786,3545,1,NNP,*,F,BNK금융지주,*,*,*,*
아리온,1786,3546,1,NNP,*,T,아리온,*,*,*,*
미래에셋대우스팩5호,1786,3545,1,NNP,*,F,미래에셋대우스팩5호,*,*,*,*
KPX케미칼,1786,3546,1,NNP,*,T,KPX케미칼,*,*,*,*
박셀바이오,1786,3545,1,NNP,*,F,박셀바이오,*,*,*,*
에스티큐브,1786,3545,1,NNP,*,F,에스티큐브,*,*,*,*
디지아이,1786,3545,1,NNP,*,F,디지아이,*,*,*,*
액트,1786,3545,1,NNP,*,F,액트,*,*,*,*
코이즈,1786,3545,1,NNP,*,F,코이즈,*,*,*,*
동화기업,1786,3546,1,NNP,*,T,동화기업,*,*,*,*
엘엠에스,1786,3545,1,NNP,*,F,엘엠에스,*,*,*,*
에스엠,1786,3546,1,NNP,*,T,에스엠,*,*,*,*
슈프리마아이디,1786,3545,1,NNP,*,F,슈프리마아이디,*,*,*,*
GV,1786,3545,1,NNP,*,F,GV,*,*,*,*
메디프론,1786,3546,1,NNP,*,T,메디프론,*,*,*,*
유비쿼스홀딩스,1786,3545,1,NNP,*,F,유비쿼스홀딩스,*,*,*,*
대웅,1786,3546,1,NNP,*,T,대웅,*,*,*,*
파마리서치프로덕트,1786,3545,1,NNP,*,F,파마리서치프로덕트,*,*,*,*
유에스티,1786,3545,1,NNP,*,F,유에스티,*,*,*,*
케이피에프,1786,3545,1,NNP,*,F,케이피에프,*,*,*,*
KH바텍,1786,3546,1,NNP,*,T,KH바텍,*,*,*,*
한국가구,1786,3545,1,NNP,*,F,한국가구,*,*,*,*
이엘피,1786,3545,1,NNP,*,F,이엘피,*,*,*,*
피씨엘,1786,3546,1,NNP,*,T,피씨엘,*,*,*,*
엔에스,1786,3545,1,NNP,*,F,엔에스,*,*,*,*
신한제6호스팩,1786,3546,1,NNP,*,T,신한제6호스팩,*,*,*,*
이디티,1786,3545,1,NNP,*,F,이디티,*,*,*,*
오뚜기,1786,3545,1,NNP,*,F,오뚜기,*,*,*,*
디에이피,1786,3545,1,NNP,*,F,디에이피,*,*,*,*
레이크머티리얼즈,1786,3545,1,NNP,*,F,레이크머티리얼즈,*,*,*,*
신일제약,1786,3546,1,NNP,*,T,신일제약,*,*,*,*
인바디,1786,3545,1,NNP,*,F,인바디,*,*,*,*
디아이동일,1786,3546,1,NNP,*,T,디아이동일,*,*,*,*
서연탑메탈,1786,3546,1,NNP,*,T,서연탑메탈,*,*,*,*
인포마크,1786,3545,1,NNP,*,F,인포마크,*,*,*,*
지에스이,1786,3545,1,NNP,*,F,지에스이,*,*,*,*
나이벡,1786,3546,1,NNP,*,T,나이벡,*,*,*,*
풍산,1786,3546,1,NNP,*,T,풍산,*,*,*,*
케이씨피드,1786,3545,1,NNP,*,F,케이씨피드,*,*,*,*
피엔티,1786,3545,1,NNP,*,F,피엔티,*,*,*,*
태양금속공업,1786,3546,1,NNP,*,T,태양금속공업,*,*,*,*
KPX생명과학,1786,3546,1,NNP,*,T,KPX생명과학,*,*,*,*
노바렉스,1786,3545,1,NNP,*,F,노바렉스,*,*,*,*
엘티씨,1786,3545,1,NNP,*,F,엘티씨,*,*,*,*
이노테라피,1786,3545,1,NNP,*,F,이노테라피,*,*,*,*
케이에스피,1786,3545,1,NNP,*,F,케이에스피,*,*,*,*
신일전자,1786,3545,1,NNP,*,F,신일전자,*,*,*,*
셀레믹스,1786,3545,1,NNP,*,F,셀레믹스,*,*,*,*
대신증권,1786,3546,1,NNP,*,T,대신증권,*,*,*,*
흥국에프엔비,1786,3545,1,NNP,*,F,흥국에프엔비,*,*,*,*
서진오토모티브,1786,3545,1,NNP,*,F,서진오토모티브,*,*,*,*
일진전기,1786,3545,1,NNP,*,F,일진전기,*,*,*,*
아이진,1786,3546,1,NNP,*,T,아이진,*,*,*,*
명성티엔에스,1786,3545,1,NNP,*,F,명성티엔에스,*,*,*,*
제일제강,1786,3546,1,NNP,*,T,제일제강,*,*,*,*
알티캐스트,1786,3545,1,NNP,*,F,알티캐스트,*,*,*,*
큐브앤컴퍼니,1786,3545,1,NNP,*,F,큐브앤컴퍼니,*,*,*,*
세틀뱅크,1786,3545,1,NNP,*,F,세틀뱅크,*,*,*,*
깨끗한나라,1786,3545,1,NNP,*,F,깨끗한나라,*,*,*,*
시스웍,1786,3546,1,NNP,*,T,시스웍,*,*,*,*
한화플러스제1호스팩,1786,3546,1,NNP,*,T,한화플러스제1호스팩,*,*,*,*
빅텍,1786,3546,1,NNP,*,T,빅텍,*,*,*,*
원방테크,1786,3545,1,NNP,*,F,원방테크,*,*,*,*
노터스,1786,3545,1,NNP,*,F,노터스,*,*,*,*
계룡건설산업,1786,3546,1,NNP,*,T,계룡건설산업,*,*,*,*
케이엘넷,1786,3546,1,NNP,*,T,케이엘넷,*,*,*,*
바른전자,1786,3545,1,NNP,*,F,바른전자,*,*,*,*
비디아이,1786,3545,1,NNP,*,F,비디아이,*,*,*,*
씨티씨바이오,1786,3545,1,NNP,*,F,씨티씨바이오,*,*,*,*
동우팜투테이블,1786,3546,1,NNP,*,T,동우팜투테이블,*,*,*,*
현대비앤지스틸,1786,3546,1,NNP,*,T,현대비앤지스틸,*,*,*,*
한화에스비아이스팩,1786,3546,1,NNP,*,T,한화에스비아이스팩,*,*,*,*
웨이브일렉트로,1786,3545,1,NNP,*,F,웨이브일렉트로,*,*,*,*
위니아딤채,1786,3545,1,NNP,*,F,위니아딤채,*,*,*,*
아이디스홀딩스,1786,3545,1,NNP,*,F,아이디스홀딩스,*,*,*,*
영풍제지,1786,3545,1,NNP,*,F,영풍제지,*,*,*,*
JW홀딩스,1786,3545,1,NNP,*,F,JW홀딩스,*,*,*,*
엔에스엔,1786,3546,1,NNP,*,T,엔에스엔,*,*,*,*
서울리거,1786,3545,1,NNP,*,F,서울리거,*,*,*,*
네온테크,1786,3545,1,NNP,*,F,네온테크,*,*,*,*
삼현철강,1786,3546,1,NNP,*,T,삼현철강,*,*,*,*
앤씨앤,1786,3546,1,NNP,*,T,앤씨앤,*,*,*,*
일정실업,1786,3546,1,NNP,*,T,일정실업,*,*,*,*
DGB금융지주,1786,3545,1,NNP,*,F,DGB금융지주,*,*,*,*
엠에프엠코리아,1786,3545,1,NNP,*,F,엠에프엠코리아,*,*,*,*
SMC&C,1786,3545,1,NNP,*,F,SMC&C,*,*,*,*
나노엔텍,1786,3546,1,NNP,*,T,나노엔텍,*,*,*,*
삼익THK,1786,3545,1,NNP,*,F,삼익THK,*,*,*,*
S&K폴리텍,1786,3546,1,NNP,*,T,S&K폴리텍,*,*,*,*
LIG넥스원,1786,3546,1,NNP,*,T,LIG넥스원,*,*,*,*
캠시스,1786,3545,1,NNP,*,F,캠시스,*,*,*,*
브이원텍,1786,3546,1,NNP,*,T,브이원텍,*,*,*,*
현대백화점,1786,3546,1,NNP,*,T,현대백화점,*,*,*,*
F&F,1786,3545,1,NNP,*,F,F&F,*,*,*,*
덕우전자,1786,3545,1,NNP,*,F,덕우전자,*,*,*,*
아이앤씨,1786,3545,1,NNP,*,F,아이앤씨,*,*,*,*
동아타이어,1786,3545,1,NNP,*,F,동아타이어,*,*,*,*
한국바이오젠,1786,3546,1,NNP,*,T,한국바이오젠,*,*,*,*
삼양통상,1786,3546,1,NNP,*,T,삼양통상,*,*,*,*
큐리언트,1786,3545,1,NNP,*,F,큐리언트,*,*,*,*
형지I&C,1786,3545,1,NNP,*,F,형지I&C,*,*,*,*
교보9호스팩,1786,3546,1,NNP,*,T,교보9호스팩,*,*,*,*
제주반도체,1786,3545,1,NNP,*,F,제주반도체,*,*,*,*
패션플랫폼,1786,3546,1,NNP,*,T,패션플랫폼,*,*,*,*
버킷스튜디오,1786,3545,1,NNP,*,F,버킷스튜디오,*,*,*,*
코퍼스코리아,1786,3545,1,NNP,*,F,코퍼스코리아,*,*,*,*
제로투세븐,1786,3546,1,NNP,*,T,제로투세븐,*,*,*,*
현대리바트,1786,3545,1,NNP,*,F,현대리바트,*,*,*,*
알파홀딩스,1786,3545,1,NNP,*,F,알파홀딩스,*,*,*,*
세아제강,1786,3546,1,NNP,*,T,세아제강,*,*,*,*
홈캐스트,1786,3545,1,NNP,*,F,홈캐스트,*,*,*,*
오리온홀딩스,1786,3545,1,NNP,*,F,오리온홀딩스,*,*,*,*
포티스,1786,3545,1,NNP,*,F,포티스,*,*,*,*
매커스,1786,3545,1,NNP,*,F,매커스,*,*,*,*
케이맥,1786,3546,1,NNP,*,T,케이맥,*,*,*,*
제이씨현시스템,1786,3546,1,NNP,*,T,제이씨현시스템,*,*,*,*
영흥,1786,3546,1,NNP,*,T,영흥,*,*,*,*
삼일씨엔에스,1786,3545,1,NNP,*,F,삼일씨엔에스,*,*,*,*
두산,1786,3546,1,NNP,*,T,두산,*,*,*,*
주연테크,1786,3545,1,NNP,*,F,주연테크,*,*,*,*
엔브이에이치코리아,1786,3545,1,NNP,*,F,엔브이에이치코리아,*,*,*,*
메디콕스,1786,3545,1,NNP,*,F,메디콕스,*,*,*,*
안트로젠,1786,3546,1,NNP,*,T,안트로젠,*,*,*,*
동일산업,1786,3546,1,NNP,*,T,동일산업,*,*,*,*
우양,1786,3546,1,NNP,*,T,우양,*,*,*,*
BYC,1786,3545,1,NNP,*,F,BYC,*,*,*,*
투비소프트,1786,3545,1,NNP,*,F,투비소프트,*,*,*,*
아이엠이연이,1786,3545,1,NNP,*,F,아이엠이연이,*,*,*,*
에이비프로바이오,1786,3545,1,NNP,*,F,에이비프로바이오,*,*,*,*
아이텍,1786,3546,1,NNP,*,T,아이텍,*,*,*,*
ITX-AI,1786,3545,1,NNP,*,F,ITX-AI,*,*,*,*
비비안,1786,3546,1,NNP,*,T,비비안,*,*,*,*
큐캐피탈,1786,3546,1,NNP,*,T,큐캐피탈,*,*,*,*
세코닉스,1786,3545,1,NNP,*,F,세코닉스,*,*,*,*
티피씨글로벌,1786,3546,1,NNP,*,T,티피씨글로벌,*,*,*,*
BGF,1786,3545,1,NNP,*,F,BGF,*,*,*,*
AP시스템,1786,3546,1,NNP,*,T,AP시스템,*,*,*,*
비씨월드제약,1786,3546,1,NNP,*,T,비씨월드제약,*,*,*,*
MP한강,1786,3546,1,NNP,*,T,MP한강,*,*,*,*
삼지전자,1786,3545,1,NNP,*,F,삼지전자,*,*,*,*
수성,1786,3546,1,NNP,*,T,수성,*,*,*,*
디지틀조선,1786,3546,1,NNP,*,T,디지틀조선,*,*,*,*
네패스,1786,3545,1,NNP,*,F,네패스,*,*,*,*
하이즈항공,1786,3546,1,NNP,*,T,하이즈항공,*,*,*,*
보락,1786,3546,1,NNP,*,T,보락,*,*,*,*
코오롱머티리얼,1786,3546,1,NNP,*,T,코오롱머티리얼,*,*,*,*
아이원스,1786,3545,1,NNP,*,F,아이원스,*,*,*,*
뉴보텍,1786,3546,1,NNP,*,T,뉴보텍,*,*,*,*
대성에너지,1786,3545,1,NNP,*,F,대성에너지,*,*,*,*
테스나,1786,3545,1,NNP,*,F,테스나,*,*,*,*
YGPLUS,1786,3545,1,NNP,*,F,YGPLUS,*,*,*,*
티엘아이,1786,3545,1,NNP,*,F,티엘아이,*,*,*,*
코윈테크,1786,3545,1,NNP,*,F,코윈테크,*,*,*,*
가온전선,1786,3546,1,NNP,*,T,가온전선,*,*,*,*
태경케미컬,1786,3546,1,NNP,*,T,태경케미컬,*,*,*,*
아이즈비전,1786,3546,1,NNP,*,T,아이즈비전,*,*,*,*
유안타제5호스팩,1786,3546,1,NNP,*,T,유안타제5호스팩,*,*,*,*
S-Oil,1786,3545,1,NNP,*,F,S-Oil,*,*,*,*
대한제당,1786,3546,1,NNP,*,T,대한제당,*,*,*,*
앤디포스,1786,3545,1,NNP,*,F,앤디포스,*,*,*,*
이상네트웍스,1786,3545,1,NNP,*,F,이상네트웍스,*,*,*,*
신도기연,1786,3546,1,NNP,*,T,신도기연,*,*,*,*
인스코비,1786,3545,1,NNP,*,F,인스코비,*,*,*,*
유안타제6호스팩,1786,3546,1,NNP,*,T,유안타제6호스팩,*,*,*,*
고영,1786,3546,1,NNP,*,T,고영,*,*,*,*
코미팜,1786,3546,1,NNP,*,T,코미팜,*,*,*,*
한국비엔씨,1786,3545,1,NNP,*,F,한국비엔씨,*,*,*,*
에스트래픽,1786,3546,1,NNP,*,T,에스트래픽,*,*,*,*
교보10호기업인수목적,1786,3546,1,NNP,*,T,교보10호기업인수목적,*,*,*,*
우리조명,1786,3546,1,NNP,*,T,우리조명,*,*,*,*
제일약품,1786,3546,1,NNP,*,T,제일약품,*,*,*,*
선도전기,1786,3545,1,NNP,*,F,선도전기,*,*,*,*
예스24,1786,3545,1,NNP,*,F,예스24,*,*,*,*
에쓰씨엔지니어링,1786,3546,1,NNP,*,T,에쓰씨엔지니어링,*,*,*,*
와이지엔터테인먼트,1786,3545,1,NNP,*,F,와이지엔터테인먼트,*,*,*,*
리메드,1786,3545,1,NNP,*,F,리메드,*,*,*,*
UCI,1786,3545,1,NNP,*,F,UCI,*,*,*,*
삼성SDI,1786,3545,1,NNP,*,F,삼성SDI,*,*,*,*
에스폴리텍,1786,3546,1,NNP,*,T,에스폴리텍,*,*,*,*
명문제약,1786,3546,1,NNP,*,T,명문제약,*,*,*,*
이엑스티,1786,3545,1,NNP,*,F,이엑스티,*,*,*,*
팬스타엔터프라이즈,1786,3545,1,NNP,*,F,팬스타엔터프라이즈,*,*,*,*
성창오토텍,1786,3546,1,NNP,*,T,성창오토텍,*,*,*,*
에이치엘비생명과학,1786,3546,1,NNP,*,T,에이치엘비생명과학,*,*,*,*
녹십자랩셀,1786,3546,1,NNP,*,T,녹십자랩셀,*,*,*,*
유진증권,1786,3546,1,NNP,*,T,유진증권,*,*,*,*
세원셀론텍,1786,3546,1,NNP,*,T,세원셀론텍,*,*,*,*
레드로버,1786,3545,1,NNP,*,F,레드로버,*,*,*,*
일양약품,1786,3546,1,NNP,*,T,일양약품,*,*,*,*
신영스팩5호,1786,3545,1,NNP,*,F,신영스팩5호,*,*,*,*
유성기업,1786,3546,1,NNP,*,T,유성기업,*,*,*,*
신영스팩6호,1786,3545,1,NNP,*,F,신영스팩6호,*,*,*,*
센트랄모텍,1786,3546,1,NNP,*,T,센트랄모텍,*,*,*,*
에이팩트,1786,3545,1,NNP,*,F,에이팩트,*,*,*,*
경보제약,1786,3546,1,NNP,*,T,경보제약,*,*,*,*
케이엔더블유,1786,3545,1,NNP,*,F,케이엔더블유,*,*,*,*
엑사이엔씨,1786,3545,1,NNP,*,F,엑사이엔씨,*,*,*,*
경남제약,1786,3546,1,NNP,*,T,경남제약,*,*,*,*
슈펙스비앤피,1786,3545,1,NNP,*,F,슈펙스비앤피,*,*,*,*
팜스빌,1786,3546,1,NNP,*,T,팜스빌,*,*,*,*
필룩스,1786,3545,1,NNP,*,F,필룩스,*,*,*,*
바이오스마트,1786,3545,1,NNP,*,F,바이오스마트,*,*,*,*
한신공영,1786,3546,1,NNP,*,T,한신공영,*,*,*,*
오스테오닉,1786,3546,1,NNP,*,T,오스테오닉,*,*,*,*
에이티세미콘,1786,3546,1,NNP,*,T,에이티세미콘,*,*,*,*
한국전자금융,1786,3546,1,NNP,*,T,한국전자금융,*,*,*,*
동국산업,1786,3546,1,NNP,*,T,동국산업,*,*,*,*
원익IPS,1786,3545,1,NNP,*,F,원익IPS,*,*,*,*
휴메딕스,1786,3545,1,NNP,*,F,휴메딕스,*,*,*,*
삼영화학공업,1786,3546,1,NNP,*,T,삼영화학공업,*,*,*,*
한국파마,1786,3545,1,NNP,*,F,한국파마,*,*,*,*
골드퍼시픽,1786,3546,1,NNP,*,T,골드퍼시픽,*,*,*,*
CJENM,1786,3545,1,NNP,*,F,CJENM,*,*,*,*
한국제8호스팩,1786,3546,1,NNP,*,T,한국제8호스팩,*,*,*,*
케이티앤지,1786,3545,1,NNP,*,F,케이티앤지,*,*,*,*
엘앤케이바이오,1786,3545,1,NNP,*,F,엘앤케이바이오,*,*,*,*
휴켐스,1786,3545,1,NNP,*,F,휴켐스,*,*,*,*
한국전자홀딩스,1786,3545,1,NNP,*,F,한국전자홀딩스,*,*,*,*
코스맥스엔비티,1786,3545,1,NNP,*,F,코스맥스엔비티,*,*,*,*
현대모비스,1786,3545,1,NNP,*,F,현대모비스,*,*,*,*
라이트론,1786,3546,1,NNP,*,T,라이트론,*,*,*,*
사조동아원,1786,3546,1,NNP,*,T,사조동아원,*,*,*,*
네오팜,1786,3546,1,NNP,*,T,네오팜,*,*,*,*
갤럭시아머니트리,1786,3545,1,NNP,*,F,갤럭시아머니트리,*,*,*,*
대덕,1786,3546,1,NNP,*,T,대덕,*,*,*,*
한국큐빅,1786,3546,1,NNP,*,T,한국큐빅,*,*,*,*
일야,1786,3545,1,NNP,*,F,일야,*,*,*,*
라온시큐어,1786,3545,1,NNP,*,F,라온시큐어,*,*,*,*
위즈코프,1786,3545,1,NNP,*,F,위즈코프,*,*,*,*
오션브릿지,1786,3545,1,NNP,*,F,오션브릿지,*,*,*,*
더블유에스아이,1786,3545,1,NNP,*,F,더블유에스아이,*,*,*,*
메가스터디,1786,3545,1,NNP,*,F,메가스터디,*,*,*,*
대덕전자,1786,3545,1,NNP,*,F,대덕전자,*,*,*,*
콜마비앤에이치,1786,3545,1,NNP,*,F,콜마비앤에이치,*,*,*,*
삼아알미늄,1786,3546,1,NNP,*,T,삼아알미늄,*,*,*,*
아이엠,1786,3546,1,NNP,*,T,아이엠,*,*,*,*
한화솔루션,1786,3546,1,NNP,*,T,한화솔루션,*,*,*,*
대륙제관,1786,3546,1,NNP,*,T,대륙제관,*,*,*,*
TPC,1786,3545,1,NNP,*,F,TPC,*,*,*,*
SG세계물산,1786,3546,1,NNP,*,T,SG세계물산,*,*,*,*
수산아이앤티,1786,3545,1,NNP,*,F,수산아이앤티,*,*,*,*
진양화학,1786,3546,1,NNP,*,T,진양화학,*,*,*,*
디오스텍,1786,3546,1,NNP,*,T,디오스텍,*,*,*,*
에이치엘비,1786,3545,1,NNP,*,F,에이치엘비,*,*,*,*
롯데칠성음료,1786,3545,1,NNP,*,F,롯데칠성음료,*,*,*,*
에버다임,1786,3546,1,NNP,*,T,에버다임,*,*,*,*
레몬,1786,3546,1,NNP,*,T,레몬,*,*,*,*
엠브레인,1786,3546,1,NNP,*,T,엠브레인,*,*,*,*
이베스트이안스팩1호,1786,3545,1,NNP,*,F,이베스트이안스팩1호,*,*,*,*
동아엘텍,1786,3546,1,NNP,*,T,동아엘텍,*,*,*,*
케이사인,1786,3546,1,NNP,*,T,케이사인,*,*,*,*
뉴프렉스,1786,3545,1,NNP,*,F,뉴프렉스,*,*,*,*
피에스텍,1786,3546,1,NNP,*,T,피에스텍,*,*,*,*
대호피앤씨,1786,3545,1,NNP,*,F,대호피앤씨,*,*,*,*
EDGC,1786,3545,1,NNP,*,F,EDGC,*,*,*,*
비에이치,1786,3545,1,NNP,*,F,비에이치,*,*,*,*
기가레인,1786,3546,1,NNP,*,T,기가레인,*,*,*,*
신라에스지,1786,3545,1,NNP,*,F,신라에스지,*,*,*,*
마니커에프앤지,1786,3545,1,NNP,*,F,마니커에프앤지,*,*,*,*
미래나노텍,1786,3546,1,NNP,*,T,미래나노텍,*,*,*,*
한창제지,1786,3545,1,NNP,*,F,한창제지,*,*,*,*
제낙스,1786,3545,1,NNP,*,F,제낙스,*,*,*,*
코스모화학,1786,3546,1,NNP,*,T,코스모화학,*,*,*,*
대상,1786,3546,1,NNP,*,T,대상,*,*,*,*
현대에너지솔루션,1786,3546,1,NNP,*,T,현대에너지솔루션,*,*,*,*
윙입푸드,1786,3545,1,NNP,*,F,윙입푸드,*,*,*,*
올릭스,1786,3545,1,NNP,*,F,올릭스,*,*,*,*
대원강업,1786,3546,1,NNP,*,T,대원강업,*,*,*,*
세아베스틸,1786,3546,1,NNP,*,T,세아베스틸,*,*,*,*
대양금속,1786,3546,1,NNP,*,T,대양금속,*,*,*,*
세동,1786,3546,1,NNP,*,T,세동,*,*,*,*
이글루시큐리티,1786,3545,1,NNP,*,F,이글루시큐리티,*,*,*,*
대성미생물,1786,3546,1,NNP,*,T,대성미생물,*,*,*,*
디지탈옵틱,1786,3546,1,NNP,*,T,디지탈옵틱,*,*,*,*
일진홀딩스,1786,3545,1,NNP,*,F,일진홀딩스,*,*,*,*
원일특강,1786,3546,1,NNP,*,T,원일특강,*,*,*,*
모나리자,1786,3545,1,NNP,*,F,모나리자,*,*,*,*
에이트원,1786,3546,1,NNP,*,T,에이트원,*,*,*,*
아시아경제,1786,3545,1,NNP,*,F,아시아경제,*,*,*,*
하나제약,1786,3546,1,NNP,*,T,하나제약,*,*,*,*
황금에스티,1786,3545,1,NNP,*,F,황금에스티,*,*,*,*
광림,1786,3546,1,NNP,*,T,광림,*,*,*,*
엘컴텍,1786,3546,1,NNP,*,T,엘컴텍,*,*,*,*
동국제약,1786,3546,1,NNP,*,T,동국제약,*,*,*,*
KMH하이텍,1786,3546,1,NNP,*,T,KMH하이텍,*,*,*,*
엘아이에스,1786,3545,1,NNP,*,F,엘아이에스,*,*,*,*
뉴지랩,1786,3546,1,NNP,*,T,뉴지랩,*,*,*,*
키움증권,1786,3546,1,NNP,*,T,키움증권,*,*,*,*
넥스틴,1786,3546,1,NNP,*,T,넥스틴,*,*,*,*
동진쎄미켐,1786,3546,1,NNP,*,T,동진쎄미켐,*,*,*,*
쎌마테라퓨틱스,1786,3545,1,NNP,*,F,쎌마테라퓨틱스,*,*,*,*
진양폴리우레탄,1786,3546,1,NNP,*,T,진양폴리우레탄,*,*,*,*
SBS,1786,3545,1,NNP,*,F,SBS,*,*,*,*
이그잭스,1786,3545,1,NNP,*,F,이그잭스,*,*,*,*
이베스트투자증권,1786,3546,1,NNP,*,T,이베스트투자증권,*,*,*,*
에이티넘인베스트,1786,3545,1,NNP,*,F,에이티넘인베스트,*,*,*,*
코드네이처,1786,3545,1,NNP,*,F,코드네이처,*,*,*,*
소리바다,1786,3545,1,NNP,*,F,소리바다,*,*,*,*
티에이치엔,1786,3546,1,NNP,*,T,티에이치엔,*,*,*,*
미래SCI,1786,3545,1,NNP,*,F,미래SCI,*,*,*,*
IBKS제13호스팩,1786,3546,1,NNP,*,T,IBKS제13호스팩,*,*,*,*
SPC삼립,1786,3546,1,NNP,*,T,SPC삼립,*,*,*,*
SK증권,1786,3546,1,NNP,*,T,SK증권,*,*,*,*
현대위아,1786,3545,1,NNP,*,F,현대위아,*,*,*,*
이스타코,1786,3545,1,NNP,*,F,이스타코,*,*,*,*
현대통신,1786,3546,1,NNP,*,T,현대통신,*,*,*,*
기산텔레콤,1786,3546,1,NNP,*,T,기산텔레콤,*,*,*,*
예림당,1786,3546,1,NNP,*,T,예림당,*,*,*,*
에치에프알,1786,3546,1,NNP,*,T,에치에프알,*,*,*,*
센트럴바이오,1786,3545,1,NNP,*,F,센트럴바이오,*,*,*,*
지엔코,1786,3545,1,NNP,*,F,지엔코,*,*,*,*
메드팩토,1786,3545,1,NNP,*,F,메드팩토,*,*,*,*
에스텍파마,1786,3545,1,NNP,*,F,에스텍파마,*,*,*,*
SK네트웍스,1786,3545,1,NNP,*,F,SK네트웍스,*,*,*,*
매일홀딩스,1786,3545,1,NNP,*,F,매일홀딩스,*,*,*,*
NI스틸,1786,3546,1,NNP,*,T,NI스틸,*,*,*,*
랩지노믹스,1786,3545,1,NNP,*,F,랩지노믹스,*,*,*,*
SK5호스팩,1786,3546,1,NNP,*,T,SK5호스팩,*,*,*,*
SK6호스팩,1786,3546,1,NNP,*,T,SK6호스팩,*,*,*,*
신원,1786,3546,1,NNP,*,T,신원,*,*,*,*
한일단조,1786,3545,1,NNP,*,F,한일단조,*,*,*,*
덕산하이메탈,1786,3546,1,NNP,*,T,덕산하이메탈,*,*,*,*
대성파인텍,1786,3546,1,NNP,*,T,대성파인텍,*,*,*,*
NICE,1786,3545,1,NNP,*,F,NICE,*,*,*,*
무림페이퍼,1786,3545,1,NNP,*,F,무림페이퍼,*,*,*,*
한일진공,1786,3546,1,NNP,*,T,한일진공,*,*,*,*
좋은사람들,1786,3546,1,NNP,*,T,좋은사람들,*,*,*,*
신흥에스이씨,1786,3545,1,NNP,*,F,신흥에스이씨,*,*,*,*
국일신동,1786,3546,1,NNP,*,T,국일신동,*,*,*,*
엔에이치스팩14호,1786,3545,1,NNP,*,F,엔에이치스팩14호,*,*,*,*
와이엠씨,1786,3545,1,NNP,*,F,와이엠씨,*,*,*,*
쎌바이오텍,1786,3546,1,NNP,*,T,쎌바이오텍,*,*,*,*
크로바하이텍,1786,3546,1,NNP,*,T,크로바하이텍,*,*,*,*
SK4호스팩,1786,3546,1,NNP,*,T,SK4호스팩,*,*,*,*
국도화학,1786,3546,1,NNP,*,T,국도화학,*,*,*,*
프럼파스트,1786,3545,1,NNP,*,F,프럼파스트,*,*,*,*
바이오리더스,1786,3545,1,NNP,*,F,바이오리더스,*,*,*,*
팬젠,1786,3546,1,NNP,*,T,팬젠,*,*,*,*
한화시스템,1786,3546,1,NNP,*,T,한화시스템,*,*,*,*
금호에이치티,1786,3545,1,NNP,*,F,금호에이치티,*,*,*,*
배럴,1786,3546,1,NNP,*,T,배럴,*,*,*,*
한국항공우주,1786,3545,1,NNP,*,F,한국항공우주,*,*,*,*
테라젠이텍스,1786,3545,1,NNP,*,F,테라젠이텍스,*,*,*,*
에어부산,1786,3546,1,NNP,*,T,에어부산,*,*,*,*
네오셈,1786,3546,1,NNP,*,T,네오셈,*,*,*,*
피델릭스,1786,3545,1,NNP,*,F,피델릭스,*,*,*,*
한국정보공학,1786,3546,1,NNP,*,T,한국정보공학,*,*,*,*
에이치엠씨제4호스팩,1786,3546,1,NNP,*,T,에이치엠씨제4호스팩,*,*,*,*
팜스코,1786,3545,1,NNP,*,F,팜스코,*,*,*,*
디엔에프,1786,3545,1,NNP,*,F,디엔에프,*,*,*,*
버추얼텍,1786,3546,1,NNP,*,T,버추얼텍,*,*,*,*
백광산업,1786,3546,1,NNP,*,T,백광산업,*,*,*,*
에스맥,1786,3546,1,NNP,*,T,에스맥,*,*,*,*
티웨이홀딩스,1786,3545,1,NNP,*,F,티웨이홀딩스,*,*,*,*
제일파마홀딩스,1786,3545,1,NNP,*,F,제일파마홀딩스,*,*,*,*
대현,1786,3546,1,NNP,*,T,대현,*,*,*,*
엑셈,1786,3546,1,NNP,*,T,엑셈,*,*,*,*
비올,1786,3546,1,NNP,*,T,비올,*,*,*,*
대동금속,1786,3546,1,NNP,*,T,대동금속,*,*,*,*
진양산업,1786,3546,1,NNP,*,T,진양산업,*,*,*,*
심텍홀딩스,1786,3545,1,NNP,*,F,심텍홀딩스,*,*,*,*
테라사이언스,1786,3545,1,NNP,*,F,테라사이언스,*,*,*,*
필로시스헬스케어,1786,3545,1,NNP,*,F,필로시스헬스케어,*,*,*,*
제이엠티,1786,3545,1,NNP,*,F,제이엠티,*,*,*,*
해성디에스,1786,3545,1,NNP,*,F,해성디에스,*,*,*,*
웅진,1786,3546,1,NNP,*,T,웅진,*,*,*,*
영우디에스피,1786,3545,1,NNP,*,F,영우디에스피,*,*,*,*
한솔케미칼,1786,3546,1,NNP,*,T,한솔케미칼,*,*,*,*
뉴트리,1786,3545,1,NNP,*,F,뉴트리,*,*,*,*
새로닉스,1786,3545,1,NNP,*,F,새로닉스,*,*,*,*
GS글로벌,1786,3546,1,NNP,*,T,GS글로벌,*,*,*,*
더존비즈온,1786,3546,1,NNP,*,T,더존비즈온,*,*,*,*
IBKS제14호스팩,1786,3546,1,NNP,*,T,IBKS제14호스팩,*,*,*,*
신라젠,1786,3546,1,NNP,*,T,신라젠,*,*,*,*
럭슬,1786,3546,1,NNP,*,T,럭슬,*,*,*,*
종근당,1786,3546,1,NNP,*,T,종근당,*,*,*,*
이아이디,1786,3545,1,NNP,*,F,이아이디,*,*,*,*
인베니아,1786,3545,1,NNP,*,F,인베니아,*,*,*,*
DB하이텍,1786,3546,1,NNP,*,T,DB하이텍,*,*,*,*
DMS,1786,3545,1,NNP,*,F,DMS,*,*,*,*
우진비앤지,1786,3545,1,NNP,*,F,우진비앤지,*,*,*,*
지와이커머스,1786,3545,1,NNP,*,F,지와이커머스,*,*,*,*
코오롱플라스틱,1786,3546,1,NNP,*,T,코오롱플라스틱,*,*,*,*
동방선기,1786,3545,1,NNP,*,F,동방선기,*,*,*,*
부국철강,1786,3546,1,NNP,*,T,부국철강,*,*,*,*
영화테크,1786,3545,1,NNP,*,F,영화테크,*,*,*,*
대창단조,1786,3545,1,NNP,*,F,대창단조,*,*,*,*
지란지교시큐리티,1786,3545,1,NNP,*,F,지란지교시큐리티,*,*,*,*
티움바이오,1786,3545,1,NNP,*,F,티움바이오,*,*,*,*
알테오젠,1786,3546,1,NNP,*,T,알테오젠,*,*,*,*
한세예스24홀딩스,1786,3545,1,NNP,*,F,한세예스24홀딩스,*,*,*,*
신세계인터내셔날,1786,3546,1,NNP,*,T,신세계인터내셔날,*,*,*,*
성호전자,1786,3545,1,NNP,*,F,성호전자,*,*,*,*
제주은행,1786,3546,1,NNP,*,T,제주은행,*,*,*,*
유테크,1786,3545,1,NNP,*,F,유테크,*,*,*,*
인터지스,1786,3545,1,NNP,*,F,인터지스,*,*,*,*
동양이엔피,1786,3545,1,NNP,*,F,동양이엔피,*,*,*,*
OCI,1786,3545,1,NNP,*,F,OCI,*,*,*,*
디바이스이엔지,1786,3545,1,NNP,*,F,디바이스이엔지,*,*,*,*
에스디생명공학,1786,3546,1,NNP,*,T,에스디생명공학,*,*,*,*
키움제5호스팩,1786,3546,1,NNP,*,T,키움제5호스팩,*,*,*,*
이건홀딩스,1786,3545,1,NNP,*,F,이건홀딩스,*,*,*,*
선익시스템,1786,3546,1,NNP,*,T,선익시스템,*,*,*,*
삼강엠앤티,1786,3545,1,NNP,*,F,삼강엠앤티,*,*,*,*
STX중공업,1786,3546,1,NNP,*,T,STX중공업,*,*,*,*
그린케미칼,1786,3546,1,NNP,*,T,그린케미칼,*,*,*,*
SGA,1786,3545,1,NNP,*,F,SGA,*,*,*,*
신풍제지,1786,3545,1,NNP,*,F,신풍제지,*,*,*,*
에이디칩스,1786,3545,1,NNP,*,F,에이디칩스,*,*,*,*
솔브레인,1786,3546,1,NNP,*,T,솔브레인,*,*,*,*
진성티이씨,1786,3545,1,NNP,*,F,진성티이씨,*,*,*,*
오스코텍,1786,3546,1,NNP,*,T,오스코텍,*,*,*,*
포스코엠텍,1786,3546,1,NNP,*,T,포스코엠텍,*,*,*,*
강원,1786,3546,1,NNP,*,T,강원,*,*,*,*
안국약품,1786,3546,1,NNP,*,T,안국약품,*,*,*,*
지스마트글로벌,1786,3546,1,NNP,*,T,지스마트글로벌,*,*,*,*
현대종합상사,1786,3545,1,NNP,*,F,현대종합상사,*,*,*,*
미래에셋생명,1786,3546,1,NNP,*,T,미래에셋생명,*,*,*,*
제너셈,1786,3546,1,NNP,*,T,제너셈,*,*,*,*
제넨바이오,1786,3545,1,NNP,*,F,제넨바이오,*,*,*,*
유니온머티리얼,1786,3546,1,NNP,*,T,유니온머티리얼,*,*,*,*
삼성제약,1786,3546,1,NNP,*,T,삼성제약,*,*,*,*
코오롱인더,1786,3545,1,NNP,*,F,코오롱인더,*,*,*,*
파루,1786,3545,1,NNP,*,F,파루,*,*,*,*
서울제약,1786,3546,1,NNP,*,T,서울제약,*,*,*,*
DSR제강,1786,3546,1,NNP,*,T,DSR제강,*,*,*,*
지티지웰니스,1786,3545,1,NNP,*,F,지티지웰니스,*,*,*,*
대한과학,1786,3546,1,NNP,*,T,대한과학,*,*,*,*
삼영엠텍,1786,3546,1,NNP,*,T,삼영엠텍,*,*,*,*
지엔씨에너지,1786,3545,1,NNP,*,F,지엔씨에너지,*,*,*,*
성광벤드,1786,3545,1,NNP,*,F,성광벤드,*,*,*,*
동성제약,1786,3546,1,NNP,*,T,동성제약,*,*,*,*
SGC에너지,1786,3545,1,NNP,*,F,SGC에너지,*,*,*,*
동국S&C,1786,3545,1,NNP,*,F,동국S&C,*,*,*,*
일진파워,1786,3545,1,NNP,*,F,일진파워,*,*,*,*
에프알텍,1786,3546,1,NNP,*,T,에프알텍,*,*,*,*
신성이엔지,1786,3545,1,NNP,*,F,신성이엔지,*,*,*,*
하림,1786,3546,1,NNP,*,T,하림,*,*,*,*
JW신약,1786,3546,1,NNP,*,T,JW신약,*,*,*,*
오리엔트정공,1786,3546,1,NNP,*,T,오리엔트정공,*,*,*,*
뉴파워프라즈마,1786,3545,1,NNP,*,F,뉴파워프라즈마,*,*,*,*
진바이오텍,1786,3546,1,NNP,*,T,진바이오텍,*,*,*,*
정상제이엘에스,1786,3545,1,NNP,*,F,정상제이엘에스,*,*,*,*
애경산업,1786,3546,1,NNP,*,T,애경산업,*,*,*,*
한네트,1786,3545,1,NNP,*,F,한네트,*,*,*,*
샘표식품,1786,3546,1,NNP,*,T,샘표식품,*,*,*,*
화신정공,1786,3546,1,NNP,*,T,화신정공,*,*,*,*
동일철강,1786,3546,1,NNP,*,T,동일철강,*,*,*,*
유비쿼스,1786,3545,1,NNP,*,F,유비쿼스,*,*,*,*
코오롱,1786,3546,1,NNP,*,T,코오롱,*,*,*,*
다믈멀티미디어,1786,3545,1,NNP,*,F,다믈멀티미디어,*,*,*,*
이엔에프테크놀로지,1786,3545,1,NNP,*,F,이엔에프테크놀로지,*,*,*,*
테스,1786,3545,1,NNP,*,F,테스,*,*,*,*
지어소프트,1786,3545,1,NNP,*,F,지어소프트,*,*,*,*
이구산업,1786,3546,1,NNP,*,T,이구산업,*,*,*,*
이화공영,1786,3546,1,NNP,*,T,이화공영,*,*,*,*
하이로닉,1786,3546,1,NNP,*,T,하이로닉,*,*,*,*
두산인프라코어,1786,3545,1,NNP,*,F,두산인프라코어,*,*,*,*
한진,1786,3546,1,NNP,*,T,한진,*,*,*,*
SK케미칼,1786,3546,1,NNP,*,T,SK케미칼,*,*,*,*
대우부품,1786,3546,1,NNP,*,T,대우부품,*,*,*,*
슈프리마,1786,3545,1,NNP,*,F,슈프리마,*,*,*,*
마이더스AI,1786,3545,1,NNP,*,F,마이더스AI,*,*,*,*
디아이티,1786,3545,1,NNP,*,F,디아이티,*,*,*,*
모다이노칩,1786,3546,1,NNP,*,T,모다이노칩,*,*,*,*
영원무역홀딩스,1786,3545,1,NNP,*,F,영원무역홀딩스,*,*,*,*
CSA코스믹,1786,3546,1,NNP,*,T,CSA코스믹,*,*,*,*
씨앤지하이테크,1786,3545,1,NNP,*,F,씨앤지하이테크,*,*,*,*
현우산업,1786,3546,1,NNP,*,T,현우산업,*,*,*,*
바이오톡스텍,1786,3546,1,NNP,*,T,바이오톡스텍,*,*,*,*
KG이니시스,1786,3545,1,NNP,*,F,KG이니시스,*,*,*,*
포스코인터내셔널,1786,3546,1,NNP,*,T,포스코인터내셔널,*,*,*,*
주성엔지니어링,1786,3546,1,NNP,*,T,주성엔지니어링,*,*,*,*
초록뱀,1786,3546,1,NNP,*,T,초록뱀,*,*,*,*
IBKS제12호스팩,1786,3546,1,NNP,*,T,IBKS제12호스팩,*,*,*,*
엘이티,1786,3545,1,NNP,*,F,엘이티,*,*,*,*
삼성중공업,1786,3546,1,NNP,*,T,삼성중공업,*,*,*,*
이라이콤,1786,3546,1,NNP,*,T,이라이콤,*,*,*,*
진흥기업,1786,3546,1,NNP,*,T,진흥기업,*,*,*,*
에스케이바이오팜,1786,3546,1,NNP,*,T,에스케이바이오팜,*,*,*,*
피씨디렉트,1786,3545,1,NNP,*,F,피씨디렉트,*,*,*,*
유신,1786,3546,1,NNP,*,T,유신,*,*,*,*
대창스틸,1786,3546,1,NNP,*,T,대창스틸,*,*,*,*
일신방직,1786,3546,1,NNP,*,T,일신방직,*,*,*,*
세진중공업,1786,3546,1,NNP,*,T,세진중공업,*,*,*,*
성우전자,1786,3545,1,NNP,*,F,성우전자,*,*,*,*
바이오니아,1786,3545,1,NNP,*,F,바이오니아,*,*,*,*
디씨엠,1786,3546,1,NNP,*,T,디씨엠,*,*,*,*
상상인이안1호스팩,1786,3546,1,NNP,*,T,상상인이안1호스팩,*,*,*,*
상상인이안제2호스팩,1786,3546,1,NNP,*,T,상상인이안제2호스팩,*,*,*,*
아이디스,1786,3545,1,NNP,*,F,아이디스,*,*,*,*
데이타솔루션,1786,3546,1,NNP,*,T,데이타솔루션,*,*,*,*
스페코,1786,3545,1,NNP,*,F,스페코,*,*,*,*
파워로직스,1786,3545,1,NNP,*,F,파워로직스,*,*,*,*
에스엘,1786,3546,1,NNP,*,T,에스엘,*,*,*,*
미래컴퍼니,1786,3545,1,NNP,*,F,미래컴퍼니,*,*,*,*
동아지질,1786,3546,1,NNP,*,T,동아지질,*,*,*,*
W홀딩컴퍼니,1786,3545,1,NNP,*,F,W홀딩컴퍼니,*,*,*,*
KEC,1786,3545,1,NNP,*,F,KEC,*,*,*,*
마크로젠,1786,3546,1,NNP,*,T,마크로젠,*,*,*,*
KC코트렐,1786,3546,1,NNP,*,T,KC코트렐,*,*,*,*
코리아써키트,1786,3545,1,NNP,*,F,코리아써키트,*,*,*,*
금강철강,1786,3546,1,NNP,*,T,금강철강,*,*,*,*
JW중외제약,1786,3546,1,NNP,*,T,JW중외제약,*,*,*,*
오픈베이스,1786,3545,1,NNP,*,F,오픈베이스,*,*,*,*
메지온,1786,3546,1,NNP,*,T,메지온,*,*,*,*
SK머티리얼즈,1786,3545,1,NNP,*,F,SK머티리얼즈,*,*,*,*
삼영무역,1786,3546,1,NNP,*,T,삼영무역,*,*,*,*
오디텍,1786,3546,1,NNP,*,T,오디텍,*,*,*,*
파인텍,1786,3546,1,NNP,*,T,파인텍,*,*,*,*
아이오케이,1786,3545,1,NNP,*,F,아이오케이,*,*,*,*
범양건영,1786,3546,1,NNP,*,T,범양건영,*,*,*,*
차바이오텍,1786,3546,1,NNP,*,T,차바이오텍,*,*,*,*
나노신소재,1786,3545,1,NNP,*,F,나노신소재,*,*,*,*
알리코제약,1786,3546,1,NNP,*,T,알리코제약,*,*,*,*
제넥신,1786,3546,1,NNP,*,T,제넥신,*,*,*,*
머큐리,1786,3545,1,NNP,*,F,머큐리,*,*,*,*
한국기업평가,1786,3545,1,NNP,*,F,한국기업평가,*,*,*,*
모베이스전자,1786,3545,1,NNP,*,F,모베이스전자,*,*,*,*
서원,1786,3546,1,NNP,*,T,서원,*,*,*,*
영풍정밀,1786,3546,1,NNP,*,T,영풍정밀,*,*,*,*
KG모빌리언스,1786,3545,1,NNP,*,F,KG모빌리언스,*,*,*,*
넥스트사이언스,1786,3545,1,NNP,*,F,넥스트사이언스,*,*,*,*
아스트,1786,3545,1,NNP,*,F,아스트,*,*,*,*
푸른기술,1786,3546,1,NNP,*,T,푸른기술,*,*,*,*
신라섬유,1786,3545,1,NNP,*,F,신라섬유,*,*,*,*
압타바이오,1786,3545,1,NNP,*,F,압타바이오,*,*,*,*
효성중공업,1786,3546,1,NNP,*,T,효성중공업,*,*,*,*
에스티팜,1786,3546,1,NNP,*,T,에스티팜,*,*,*,*
픽셀플러스,1786,3545,1,NNP,*,F,픽셀플러스,*,*,*,*
동양,1786,3546,1,NNP,*,T,동양,*,*,*,*
원풍물산,1786,3546,1,NNP,*,T,원풍물산,*,*,*,*
웅진씽크빅,1786,3546,1,NNP,*,T,웅진씽크빅,*,*,*,*
슈피겐코리아,1786,3545,1,NNP,*,F,슈피겐코리아,*,*,*,*
넥스트아이,1786,3545,1,NNP,*,F,넥스트아이,*,*,*,*
GS홈쇼핑,1786,3546,1,NNP,*,T,GS홈쇼핑,*,*,*,*
이연제약,1786,3546,1,NNP,*,T,이연제약,*,*,*,*
세하,1786,3545,1,NNP,*,F,세하,*,*,*,*
인콘,1786,3546,1,NNP,*,T,인콘,*,*,*,*
화인베스틸,1786,3546,1,NNP,*,T,화인베스틸,*,*,*,*
다우기술,1786,3546,1,NNP,*,T,다우기술,*,*,*,*
삼목에스폼,1786,3546,1,NNP,*,T,삼목에스폼,*,*,*,*
유엔젤,1786,3546,1,NNP,*,T,유엔젤,*,*,*,*
경방,1786,3546,1,NNP,*,T,경방,*,*,*,*
아이마켓코리아,1786,3545,1,NNP,*,F,아이마켓코리아,*,*,*,*
아이에스동서,1786,3545,1,NNP,*,F,아이에스동서,*,*,*,*
상상인,1786,3546,1,NNP,*,T,상상인,*,*,*,*
한미반도체,1786,3545,1,NNP,*,F,한미반도체,*,*,*,*
보성파워텍,1786,3546,1,NNP,*,T,보성파워텍,*,*,*,*
삼호개발,1786,3546,1,NNP,*,T,삼호개발,*,*,*,*
케이씨에스,1786,3545,1,NNP,*,F,케이씨에스,*,*,*,*
APS홀딩스,1786,3545,1,NNP,*,F,APS홀딩스,*,*,*,*
조아제약,1786,3546,1,NNP,*,T,조아제약,*,*,*,*
에이텍,1786,3546,1,NNP,*,T,에이텍,*,*,*,*
삼진엘앤디,1786,3545,1,NNP,*,F,삼진엘앤디,*,*,*,*
지트리비앤티,1786,3545,1,NNP,*,F,지트리비앤티,*,*,*,*
종근당바이오,1786,3545,1,NNP,*,F,종근당바이오,*,*,*,*
우리바이오,1786,3545,1,NNP,*,F,우리바이오,*,*,*,*
대웅제약,1786,3546,1,NNP,*,T,대웅제약,*,*,*,*
토비스,1786,3545,1,NNP,*,F,토비스,*,*,*,*
펩트론,1786,3546,1,NNP,*,T,펩트론,*,*,*,*
나노브릭,1786,3546,1,NNP,*,T,나노브릭,*,*,*,*
일동홀딩스,1786,3545,1,NNP,*,F,일동홀딩스,*,*,*,*
삼일기업공사,1786,3545,1,NNP,*,F,삼일기업공사,*,*,*,*
와이아이케이,1786,3545,1,NNP,*,F,와이아이케이,*,*,*,*
서부T&D,1786,3545,1,NNP,*,F,서부T&D,*,*,*,*
솔브레인홀딩스,1786,3545,1,NNP,*,F,솔브레인홀딩스,*,*,*,*
대봉엘에스,1786,3545,1,NNP,*,F,대봉엘에스,*,*,*,*
우리넷,1786,3546,1,NNP,*,T,우리넷,*,*,*,*
케이씨티시,1786,3545,1,NNP,*,F,케이씨티시,*,*,*,*
대한약품,1786,3546,1,NNP,*,T,대한약품,*,*,*,*
녹십자엠에스,1786,3545,1,NNP,*,F,녹십자엠에스,*,*,*,*
모토닉,1786,3546,1,NNP,*,T,모토닉,*,*,*,*
에이엔피,1786,3545,1,NNP,*,F,에이엔피,*,*,*,*
아시아나IDT,1786,3545,1,NNP,*,F,아시아나IDT,*,*,*,*
아남전자,1786,3545,1,NNP,*,F,아남전자,*,*,*,*
한진중공업홀딩스,1786,3545,1,NNP,*,F,한진중공업홀딩스,*,*,*,*
와이엠티,1786,3545,1,NNP,*,F,와이엠티,*,*,*,*
S&T중공업,1786,3546,1,NNP,*,T,S&T중공업,*,*,*,*
DL,1786,3545,1,NNP,*,F,DL,*,*,*,*
피에스케이홀딩스,1786,3545,1,NNP,*,F,피에스케이홀딩스,*,*,*,*
삼륭물산,1786,3546,1,NNP,*,T,삼륭물산,*,*,*,*
KTB투자증권,1786,3546,1,NNP,*,T,KTB투자증권,*,*,*,*
태광,1786,3546,1,NNP,*,T,태광,*,*,*,*
S&TC,1786,3545,1,NNP,*,F,S&TC,*,*,*,*
이화전기,1786,3545,1,NNP,*,F,이화전기,*,*,*,*
THEE&M,1786,3545,1,NNP,*,F,THEE&M,*,*,*,*
링크제니시스,1786,3545,1,NNP,*,F,링크제니시스,*,*,*,*
나노캠텍,1786,3546,1,NNP,*,T,나노캠텍,*,*,*,*
파인테크닉스,1786,3545,1,NNP,*,F,파인테크닉스,*,*,*,*
휴니드테크놀러지스,1786,3545,1,NNP,*,F,휴니드테크놀러지스,*,*,*,*
무림SP,1786,3545,1,NNP,*,F,무림SP,*,*,*,*
포스코ICT,1786,3545,1,NNP,*,F,포스코ICT,*,*,*,*
웰크론,1786,3546,1,NNP,*,T,웰크론,*,*,*,*
휴온스,1786,3545,1,NNP,*,F,휴온스,*,*,*,*
대한유화,1786,3545,1,NNP,*,F,대한유화,*,*,*,*
CJ프레시웨이,1786,3545,1,NNP,*,F,CJ프레시웨이,*,*,*,*
아모그린텍,1786,3546,1,NNP,*,T,아모그린텍,*,*,*,*
윈텍,1786,3546,1,NNP,*,T,윈텍,*,*,*,*
한국가스공사,1786,3545,1,NNP,*,F,한국가스공사,*,*,*,*
우리들휴브레인,1786,3546,1,NNP,*,T,우리들휴브레인,*,*,*,*
대한제분,1786,3546,1,NNP,*,T,대한제분,*,*,*,*
티케이케미칼,1786,3546,1,NNP,*,T,티케이케미칼,*,*,*,*
JB금융지주,1786,3545,1,NNP,*,F,JB금융지주,*,*,*,*
윈팩,1786,3546,1,NNP,*,T,윈팩,*,*,*,*
티에스이,1786,3545,1,NNP,*,F,티에스이,*,*,*,*
엠에스씨,1786,3545,1,NNP,*,F,엠에스씨,*,*,*,*
계양전기,1786,3545,1,NNP,*,F,계양전기,*,*,*,*
대명소노시즌,1786,3546,1,NNP,*,T,대명소노시즌,*,*,*,*
KISCO홀딩스,1786,3545,1,NNP,*,F,KISCO홀딩스,*,*,*,*
현대일렉트릭,1786,3546,1,NNP,*,T,현대일렉트릭,*,*,*,*
러셀,1786,3546,1,NNP,*,T,러셀,*,*,*,*
한라,1786,3545,1,NNP,*,F,한라,*,*,*,*
로지시스,1786,3545,1,NNP,*,F,로지시스,*,*,*,*
삼성에스디에스,1786,3545,1,NNP,*,F,삼성에스디에스,*,*,*,*
평화홀딩스,1786,3545,1,NNP,*,F,평화홀딩스,*,*,*,*
KSS해운,1786,3546,1,NNP,*,T,KSS해운,*,*,*,*
롯데제과,1786,3545,1,NNP,*,F,롯데제과,*,*,*,*
리노스,1786,3545,1,NNP,*,F,리노스,*,*,*,*
신화실업,1786,3546,1,NNP,*,T,신화실업,*,*,*,*
태영건설,1786,3546,1,NNP,*,T,태영건설,*,*,*,*
메리츠증권,1786,3546,1,NNP,*,T,메리츠증권,*,*,*,*
코닉글로리,1786,3545,1,NNP,*,F,코닉글로리,*,*,*,*
퍼스텍,1786,3546,1,NNP,*,T,퍼스텍,*,*,*,*
효성화학,1786,3546,1,NNP,*,T,효성화학,*,*,*,*
바이넥스,1786,3545,1,NNP,*,F,바이넥스,*,*,*,*
에프엔에스테크,1786,3545,1,NNP,*,F,에프엔에스테크,*,*,*,*
유비케어,1786,3545,1,NNP,*,F,유비케어,*,*,*,*
유아이엘,1786,3546,1,NNP,*,T,유아이엘,*,*,*,*
조선선재,1786,3545,1,NNP,*,F,조선선재,*,*,*,*
SG충방,1786,3546,1,NNP,*,T,SG충방,*,*,*,*
유라테크,1786,3545,1,NNP,*,F,유라테크,*,*,*,*
화일약품,1786,3546,1,NNP,*,T,화일약품,*,*,*,*
파미셀,1786,3546,1,NNP,*,T,파미셀,*,*,*,*
NICE평가정보,1786,3545,1,NNP,*,F,NICE평가정보,*,*,*,*
남화토건,1786,3546,1,NNP,*,T,남화토건,*,*,*,*
테라셈,1786,3546,1,NNP,*,T,테라셈,*,*,*,*
보령제약,1786,3546,1,NNP,*,T,보령제약,*,*,*,*
KCI,1786,3545,1,NNP,*,F,KCI,*,*,*,*
SGC이테크건설,1786,3546,1,NNP,*,T,SGC이테크건설,*,*,*,*
세이브존I&C,1786,3545,1,NNP,*,F,세이브존I&C,*,*,*,*
가온미디어,1786,3545,1,NNP,*,F,가온미디어,*,*,*,*
세원정공,1786,3546,1,NNP,*,T,세원정공,*,*,*,*
삼아제약,1786,3546,1,NNP,*,T,삼아제약,*,*,*,*
삼성바이오로직스,1786,3545,1,NNP,*,F,삼성바이오로직스,*,*,*,*
케이씨씨글라스,1786,3545,1,NNP,*,F,케이씨씨글라스,*,*,*,*
문배철강,1786,3546,1,NNP,*,T,문배철강,*,*,*,*
필옵틱스,1786,3545,1,NNP,*,F,필옵틱스,*,*,*,*
롯데정밀화학,1786,3546,1,NNP,*,T,롯데정밀화학,*,*,*,*
DB금융투자,1786,3545,1,NNP,*,F,DB금융투자,*,*,*,*
원익,1786,3546,1,NNP,*,T,원익,*,*,*,*
에스텍,1786,3546,1,NNP,*,T,에스텍,*,*,*,*
라닉스,1786,3545,1,NNP,*,F,라닉스,*,*,*,*
한양디지텍,1786,3546,1,NNP,*,T,한양디지텍,*,*,*,*
금화피에스시,1786,3545,1,NNP,*,F,금화피에스시,*,*,*,*
까뮤이앤씨,1786,3545,1,NNP,*,F,까뮤이앤씨,*,*,*,*
서울도시가스,1786,3545,1,NNP,*,F,서울도시가스,*,*,*,*
휴비츠,1786,3545,1,NNP,*,F,휴비츠,*,*,*,*
에스에프에이,1786,3545,1,NNP,*,F,에스에프에이,*,*,*,*
이큐셀,1786,3546,1,NNP,*,T,이큐셀,*,*,*,*
한국유니온제약,1786,3546,1,NNP,*,T,한국유니온제약,*,*,*,*
국영지앤엠,1786,3546,1,NNP,*,T,국영지앤엠,*,*,*,*
폴루스바이오팜,1786,3546,1,NNP,*,T,폴루스바이오팜,*,*,*,*
비트컴퓨터,1786,3545,1,NNP,*,F,비트컴퓨터,*,*,*,*
자연과환경,1786,3546,1,NNP,*,T,자연과환경,*,*,*,*
아바코,1786,3545,1,NNP,*,F,아바코,*,*,*,*
제이스텍,1786,3546,1,NNP,*,T,제이스텍,*,*,*,*
윈스,1786,3545,1,NNP,*,F,윈스,*,*,*,*
SK이노베이션,1786,3546,1,NNP,*,T,SK이노베이션,*,*,*,*
코콤,1786,3546,1,NNP,*,T,코콤,*,*,*,*
대구백화점,1786,3546,1,NNP,*,T,대구백화점,*,*,*,*
키이스트,1786,3545,1,NNP,*,F,키이스트,*,*,*,*
케이피엠테크,1786,3545,1,NNP,*,F,케이피엠테크,*,*,*,*
에스씨디,1786,3545,1,NNP,*,F,에스씨디,*,*,*,*
한라IMS,1786,3545,1,NNP,*,F,한라IMS,*,*,*,*
아즈텍WB,1786,3545,1,NNP,*,F,아즈텍WB,*,*,*,*
덕양산업,1786,3546,1,NNP,*,T,덕양산업,*,*,*,*
넥스트BT,1786,3545,1,NNP,*,F,넥스트BT,*,*,*,*
디자인,1786,3546,1,NNP,*,T,디자인,*,*,*,*
코리아센터,1786,3545,1,NNP,*,F,코리아센터,*,*,*,*
에코플라스틱,1786,3546,1,NNP,*,T,에코플라스틱,*,*,*,*
다날,1786,3546,1,NNP,*,T,다날,*,*,*,*
동성코퍼레이션,1786,3546,1,NNP,*,T,동성코퍼레이션,*,*,*,*
디피씨,1786,3545,1,NNP,*,F,디피씨,*,*,*,*
현대제철,1786,3546,1,NNP,*,T,현대제철,*,*,*,*
한국컴퓨터,1786,3545,1,NNP,*,F,한국컴퓨터,*,*,*,*
신원종합개발,1786,3546,1,NNP,*,T,신원종합개발,*,*,*,*
에스넷,1786,3546,1,NNP,*,T,에스넷,*,*,*,*
카이노스메드,1786,3545,1,NNP,*,F,카이노스메드,*,*,*,*
한탑,1786,3546,1,NNP,*,T,한탑,*,*,*,*
실리콘웍스,1786,3545,1,NNP,*,F,실리콘웍스,*,*,*,*
메디앙스,1786,3545,1,NNP,*,F,메디앙스,*,*,*,*
CNH,1786,3545,1,NNP,*,F,CNH,*,*,*,*
S&T모티브,1786,3545,1,NNP,*,F,S&T모티브,*,*,*,*
피에스케이,1786,3545,1,NNP,*,F,피에스케이,*,*,*,*
스맥,1786,3546,1,NNP,*,T,스맥,*,*,*,*
지역난방공사,1786,3545,1,NNP,*,F,지역난방공사,*,*,*,*
씨케이에이치,1786,3545,1,NNP,*,F,씨케이에이치,*,*,*,*
영풍,1786,3546,1,NNP,*,T,영풍,*,*,*,*
대림건설,1786,3546,1,NNP,*,T,대림건설,*,*,*,*
에이치디,1786,3545,1,NNP,*,F,에이치디,*,*,*,*
유니퀘스트,1786,3545,1,NNP,*,F,유니퀘스트,*,*,*,*
삼성전기,1786,3545,1,NNP,*,F,삼성전기,*,*,*,*
금호산업,1786,3546,1,NNP,*,T,금호산업,*,*,*,*
에스제이케이,1786,3545,1,NNP,*,F,에스제이케이,*,*,*,*
엔지켐생명과학,1786,3546,1,NNP,*,T,엔지켐생명과학,*,*,*,*
시큐브,1786,3545,1,NNP,*,F,시큐브,*,*,*,*
삼천리,1786,3545,1,NNP,*,F,삼천리,*,*,*,*
이수페타시스,1786,3545,1,NNP,*,F,이수페타시스,*,*,*,*
우수AMS,1786,3545,1,NNP,*,F,우수AMS,*,*,*,*
코스맥스비티아이,1786,3545,1,NNP,*,F,코스맥스비티아이,*,*,*,*
금호석유화학,1786,3546,1,NNP,*,T,금호석유화학,*,*,*,*
크라운제과,1786,3545,1,NNP,*,F,크라운제과,*,*,*,*
코디엠,1786,3546,1,NNP,*,T,코디엠,*,*,*,*
브이티지엠피,1786,3545,1,NNP,*,F,브이티지엠피,*,*,*,*
우리금융지주,1786,3545,1,NNP,*,F,우리금융지주,*,*,*,*
롯데쇼핑,1786,3546,1,NNP,*,T,롯데쇼핑,*,*,*,*
텔레필드,1786,3545,1,NNP,*,F,텔레필드,*,*,*,*
오상자이엘,1786,3546,1,NNP,*,T,오상자이엘,*,*,*,*
예스티,1786,3545,1,NNP,*,F,예스티,*,*,*,*
SK하이닉스,1786,3545,1,NNP,*,F,SK하이닉스,*,*,*,*
SK텔레콤,1786,3546,1,NNP,*,T,SK텔레콤,*,*,*,*
NAVER,1786,3545,1,NNP,*,F,NAVER,*,*,*,*
셀트리온,1786,3546,1,NNP,*,T,셀트리온,*,*,*,*
삼화전자공업,1786,3546,1,NNP,*,T,삼화전자공업,*,*,*,*
에스원,1786,3546,1,NNP,*,T,에스원,*,*,*,*
동아쏘시오홀딩스,1786,3545,1,NNP,*,F,동아쏘시오홀딩스,*,*,*,*
대동스틸,1786,3546,1,NNP,*,T,대동스틸,*,*,*,*
세운메디칼,1786,3546,1,NNP,*,T,세운메디칼,*,*,*,*
한화에어로스페이스,1786,3545,1,NNP,*,F,한화에어로스페이스,*,*,*,*
포비스티앤씨,1786,3545,1,NNP,*,F,포비스티앤씨,*,*,*,*
대한해운,1786,3546,1,NNP,*,T,대한해운,*,*,*,*
GS리테일,1786,3546,1,NNP,*,T,GS리테일,*,*,*,*
휴온스글로벌,1786,3546,1,NNP,*,T,휴온스글로벌,*,*,*,*
S&T홀딩스,1786,3545,1,NNP,*,F,S&T홀딩스,*,*,*,*
솔루에타,1786,3545,1,NNP,*,F,솔루에타,*,*,*,*
대우건설,1786,3546,1,NNP,*,T,대우건설,*,*,*,*
한국단자공업,1786,3546,1,NNP,*,T,한국단자공업,*,*,*,*
이마트,1786,3545,1,NNP,*,F,이마트,*,*,*,*
릭스솔루션,1786,3546,1,NNP,*,T,릭스솔루션,*,*,*,*
유니크,1786,3545,1,NNP,*,F,유니크,*,*,*,*
재영솔루텍,1786,3546,1,NNP,*,T,재영솔루텍,*,*,*,*
경동인베스트,1786,3545,1,NNP,*,F,경동인베스트,*,*,*,*
원익홀딩스,1786,3545,1,NNP,*,F,원익홀딩스,*,*,*,*
대유플러스,1786,3545,1,NNP,*,F,대유플러스,*,*,*,*
이엠앤아이,1786,3545,1,NNP,*,F,이엠앤아이,*,*,*,*
신성델타테크,1786,3545,1,NNP,*,F,신성델타테크,*,*,*,*
마이크로디지탈,1786,3546,1,NNP,*,T,마이크로디지탈,*,*,*,*
조광피혁,1786,3546,1,NNP,*,T,조광피혁,*,*,*,*
HMM,1786,3545,1,NNP,*,F,HMM,*,*,*,*
엘에스일렉트릭,1786,3546,1,NNP,*,T,엘에스일렉트릭,*,*,*,*
티라유텍,1786,3546,1,NNP,*,T,티라유텍,*,*,*,*
대원,1786,3546,1,NNP,*,T,대원,*,*,*,*
전방,1786,3546,1,NNP,*,T,전방,*,*,*,*
동아에스티,1786,3545,1,NNP,*,F,동아에스티,*,*,*,*
WI,1786,3545,1,NNP,*,F,WI,*,*,*,*
동원시스템즈,1786,3545,1,NNP,*,F,동원시스템즈,*,*,*,*
엔투텍,1786,3546,1,NNP,*,T,엔투텍,*,*,*,*
동방,1786,3546,1,NNP,*,T,동방,*,*,*,*
케이엠더블유,1786,3545,1,NNP,*,F,케이엠더블유,*,*,*,*
엘비세미콘,1786,3546,1,NNP,*,T,엘비세미콘,*,*,*,*
이니텍,1786,3546,1,NNP,*,T,이니텍,*,*,*,*
CJCGV,1786,3545,1,NNP,*,F,CJCGV,*,*,*,*
에프앤가이드,1786,3545,1,NNP,*,F,에프앤가이드,*,*,*,*
하림지주,1786,3545,1,NNP,*,F,하림지주,*,*,*,*
드림텍,1786,3546,1,NNP,*,T,드림텍,*,*,*,*
율촌화학,1786,3546,1,NNP,*,T,율촌화학,*,*,*,*
젬백스,1786,3545,1,NNP,*,F,젬백스,*,*,*,*
바이온,1786,3546,1,NNP,*,T,바이온,*,*,*,*
링네트,1786,3545,1,NNP,*,F,링네트,*,*,*,*
텔콘RF제약,1786,3546,1,NNP,*,T,텔콘RF제약,*,*,*,*
제우스,1786,3545,1,NNP,*,F,제우스,*,*,*,*
우리들제약,1786,3546,1,NNP,*,T,우리들제약,*,*,*,*
쎄미시스코,1786,3545,1,NNP,*,F,쎄미시스코,*,*,*,*
원림,1786,3546,1,NNP,*,T,원림,*,*,*,*
엔케이,1786,3545,1,NNP,*,F,엔케이,*,*,*,*
내츄럴엔도텍,1786,3546,1,NNP,*,T,내츄럴엔도텍,*,*,*,*
한창,1786,3546,1,NNP,*,T,한창,*,*,*,*
슈프리마에이치큐,1786,3545,1,NNP,*,F,슈프리마에이치큐,*,*,*,*
지엠비코리아,1786,3545,1,NNP,*,F,지엠비코리아,*,*,*,*
CJ씨푸드,1786,3545,1,NNP,*,F,CJ씨푸드,*,*,*,*
원익머트리얼즈,1786,3545,1,NNP,*,F,원익머트리얼즈,*,*,*,*
한전산업,1786,3546,1,NNP,*,T,한전산업,*,*,*,*
유나이티드,1786,3545,1,NNP,*,F,유나이티드,*,*,*,*
위더스제약,1786,3546,1,NNP,*,T,위더스제약,*,*,*,*
에이프로젠제약,1786,3546,1,NNP,*,T,에이프로젠제약,*,*,*,*
부국증권,1786,3546,1,NNP,*,T,부국증권,*,*,*,*
우리기술,1786,3546,1,NNP,*,T,우리기술,*,*,*,*
코데즈컴바인,1786,3546,1,NNP,*,T,코데즈컴바인,*,*,*,*
현대오토에버,1786,3545,1,NNP,*,F,현대오토에버,*,*,*,*
유한양행,1786,3546,1,NNP,*,T,유한양행,*,*,*,*
혜인,1786,3546,1,NNP,*,T,혜인,*,*,*,*
한국종합기술,1786,3546,1,NNP,*,T,한국종합기술,*,*,*,*
제이티,1786,3545,1,NNP,*,F,제이티,*,*,*,*
유진기업,1786,3546,1,NNP,*,T,유진기업,*,*,*,*
두산밥캣,1786,3546,1,NNP,*,T,두산밥캣,*,*,*,*
휘닉스소재,1786,3545,1,NNP,*,F,휘닉스소재,*,*,*,*
디아이씨,1786,3545,1,NNP,*,F,디아이씨,*,*,*,*
에이프로젠KIC,1786,3545,1,NNP,*,F,에이프로젠KIC,*,*,*,*
삼보모터스,1786,3545,1,NNP,*,F,삼보모터스,*,*,*,*
HDC아이콘트롤스,1786,3545,1,NNP,*,F,HDC아이콘트롤스,*,*,*,*
부산주공,1786,3546,1,NNP,*,T,부산주공,*,*,*,*
자화전자,1786,3545,1,NNP,*,F,자화전자,*,*,*,*
LG전자,1786,3545,1,NNP,*,F,LG전자,*,*,*,*
신세계I&C,1786,3545,1,NNP,*,F,신세계I&C,*,*,*,*
쌍방울,1786,3546,1,NNP,*,T,쌍방울,*,*,*,*
KCC건설,1786,3546,1,NNP,*,T,KCC건설,*,*,*,*
정원엔시스,1786,3545,1,NNP,*,F,정원엔시스,*,*,*,*
고려제약,1786,3546,1,NNP,*,T,고려제약,*,*,*,*
알에프텍,1786,3546,1,NNP,*,T,알에프텍,*,*,*,*
쎄니트,1786,3545,1,NNP,*,F,쎄니트,*,*,*,*
에스앤더블류,1786,3545,1,NNP,*,F,에스앤더블류,*,*,*,*
리더스코스메틱,1786,3546,1,NNP,*,T,리더스코스메틱,*,*,*,*
서울전자통신,1786,3546,1,NNP,*,T,서울전자통신,*,*,*,*
이루다,1786,3545,1,NNP,*,F,이루다,*,*,*,*
지코,1786,3545,1,NNP,*,F,지코,*,*,*,*
엘앤씨바이오,1786,3545,1,NNP,*,F,엘앤씨바이오,*,*,*,*
녹십자웰빙,1786,3546,1,NNP,*,T,녹십자웰빙,*,*,*,*
종근당홀딩스,1786,3545,1,NNP,*,F,종근당홀딩스,*,*,*,*
우정바이오,1786,3545,1,NNP,*,F,우정바이오,*,*,*,*
포스코,1786,3545,1,NNP,*,F,포스코,*,*,*,*
대한항공,1786,3546,1,NNP,*,T,대한항공,*,*,*,*
테크윙,1786,3546,1,NNP,*,T,테크윙,*,*,*,*
한솔홀딩스,1786,3545,1,NNP,*,F,한솔홀딩스,*,*,*,*
CJ제일제당,1786,3546,1,NNP,*,T,CJ제일제당,*,*,*,*
제이엠아이,1786,3545,1,NNP,*,F,제이엠아이,*,*,*,*
에스엔유,1786,3545,1,NNP,*,F,에스엔유,*,*,*,*
CS홀딩스,1786,3545,1,NNP,*,F,CS홀딩스,*,*,*,*
대한뉴팜,1786,3546,1,NNP,*,T,대한뉴팜,*,*,*,*
인디에프,1786,3545,1,NNP,*,F,인디에프,*,*,*,*
티와이홀딩스,1786,3545,1,NNP,*,F,티와이홀딩스,*,*,*,*
미원에스씨,1786,3545,1,NNP,*,F,미원에스씨,*,*,*,*
다우데이타,1786,3545,1,NNP,*,F,다우데이타,*,*,*,*
카페24,1786,3545,1,NNP,*,F,카페24,*,*,*,*
두산중공업,1786,3546,1,NNP,*,T,두산중공업,*,*,*,*
헬릭스미스,1786,3545,1,NNP,*,F,헬릭스미스,*,*,*,*
남성,1786,3546,1,NNP,*,T,남성,*,*,*,*
쌍용정보통신,1786,3546,1,NNP,*,T,쌍용정보통신,*,*,*,*
CJ,1786,3545,1,NNP,*,F,CJ,*,*,*,*
팬오션,1786,3546,1,NNP,*,T,팬오션,*,*,*,*
한국철강,1786,3546,1,NNP,*,T,한국철강,*,*,*,*
대화제약,1786,3546,1,NNP,*,T,대화제약,*,*,*,*
코맥스,1786,3545,1,NNP,*,F,코맥스,*,*,*,*
소프트센,1786,3546,1,NNP,*,T,소프트센,*,*,*,*
모바일어플라이언스,1786,3545,1,NNP,*,F,모바일어플라이언스,*,*,*,*
인화정공,1786,3546,1,NNP,*,T,인화정공,*,*,*,*
삼성출판사,1786,3545,1,NNP,*,F,삼성출판사,*,*,*,*
세종텔레콤,1786,3546,1,NNP,*,T,세종텔레콤,*,*,*,*
탑엔지니어링,1786,3546,1,NNP,*,T,탑엔지니어링,*,*,*,*
신세계푸드,1786,3545,1,NNP,*,F,신세계푸드,*,*,*,*
코아시아,1786,3545,1,NNP,*,F,코아시아,*,*,*,*
영진약품,1786,3546,1,NNP,*,T,영진약품,*,*,*,*
원익큐브,1786,3545,1,NNP,*,F,원익큐브,*,*,*,*
현대공업,1786,3546,1,NNP,*,T,현대공업,*,*,*,*
한국콜마,1786,3545,1,NNP,*,F,한국콜마,*,*,*,*
현대글로비스,1786,3545,1,NNP,*,F,현대글로비스,*,*,*,*
제일바이오,1786,3545,1,NNP,*,F,제일바이오,*,*,*,*
제이웨이,1786,3545,1,NNP,*,F,제이웨이,*,*,*,*
올리패스,1786,3545,1,NNP,*,F,올리패스,*,*,*,*
케이씨텍,1786,3546,1,NNP,*,T,케이씨텍,*,*,*,*
베뉴지,1786,3545,1,NNP,*,F,베뉴지,*,*,*,*
인지컨트롤스,1786,3545,1,NNP,*,F,인지컨트롤스,*,*,*,*
대원제약,1786,3546,1,NNP,*,T,대원제약,*,*,*,*
자이에스앤디,1786,3545,1,NNP,*,F,자이에스앤디,*,*,*,*
OQP,1786,3545,1,NNP,*,F,OQP,*,*,*,*
켐트로닉스,1786,3545,1,NNP,*,F,켐트로닉스,*,*,*,*
신영와코루,1786,3545,1,NNP,*,F,신영와코루,*,*,*,*
케이피티유,1786,3545,1,NNP,*,F,케이피티유,*,*,*,*
웰크론한텍,1786,3546,1,NNP,*,T,웰크론한텍,*,*,*,*
푸드웰,1786,3546,1,NNP,*,T,푸드웰,*,*,*,*
HDC,1786,3545,1,NNP,*,F,HDC,*,*,*,*
화성산업,1786,3546,1,NNP,*,T,화성산업,*,*,*,*
에이팸,1786,3546,1,NNP,*,T,에이팸,*,*,*,*
에이치엘비제약,1786,3546,1,NNP,*,T,에이치엘비제약,*,*,*,*
이수앱지스,1786,3545,1,NNP,*,F,이수앱지스,*,*,*,*
한미사이언스,1786,3545,1,NNP,*,F,한미사이언스,*,*,*,*
텔코웨어,1786,3545,1,NNP,*,F,텔코웨어,*,*,*,*
큐로,1786,3545,1,NNP,*,F,큐로,*,*,*,*
이엠텍,1786,3546,1,NNP,*,T,이엠텍,*,*,*,*
에쎈테크,1786,3545,1,NNP,*,F,에쎈테크,*,*,*,*
에스티아이,1786,3545,1,NNP,*,F,에스티아이,*,*,*,*
동국제강,1786,3546,1,NNP,*,T,동국제강,*,*,*,*
동구바이오제약,1786,3546,1,NNP,*,T,동구바이오제약,*,*,*,*
프로텍,1786,3546,1,NNP,*,T,프로텍,*,*,*,*
씨아이테크,1786,3545,1,NNP,*,F,씨아이테크,*,*,*,*
에스엠코어,1786,3545,1,NNP,*,F,에스엠코어,*,*,*,*
포인트엔지니어링,1786,3546,1,NNP,*,T,포인트엔지니어링,*,*,*,*
KPX홀딩스,1786,3545,1,NNP,*,F,KPX홀딩스,*,*,*,*
유성티엔에스,1786,3545,1,NNP,*,F,유성티엔에스,*,*,*,*
파인디앤씨,1786,3545,1,NNP,*,F,파인디앤씨,*,*,*,*
세원물산,1786,3546,1,NNP,*,T,세원물산,*,*,*,*
대창솔루션,1786,3546,1,NNP,*,T,대창솔루션,*,*,*,*
로체시스템즈,1786,3545,1,NNP,*,F,로체시스템즈,*,*,*,*
한성기업,1786,3546,1,NNP,*,T,한성기업,*,*,*,*
서원인텍,1786,3546,1,NNP,*,T,서원인텍,*,*,*,*
크리스탈지노믹스,1786,3545,1,NNP,*,F,크리스탈지노믹스,*,*,*,*
대한방직,1786,3546,1,NNP,*,T,대한방직,*,*,*,*
대우조선해양,1786,3546,1,NNP,*,T,대우조선해양,*,*,*,*
농심홀딩스,1786,3545,1,NNP,*,F,농심홀딩스,*,*,*,*
LG생활건강,1786,3546,1,NNP,*,T,LG생활건강,*,*,*,*
쌍용자동차,1786,3545,1,NNP,*,F,쌍용자동차,*,*,*,*
센트럴인사이트,1786,3545,1,NNP,*,F,센트럴인사이트,*,*,*,*
LG,1786,3545,1,NNP,*,F,LG,*,*,*,*
일동제약,1786,3546,1,NNP,*,T,일동제약,*,*,*,*
아이에이,1786,3545,1,NNP,*,F,아이에이,*,*,*,*
환인제약,1786,3546,1,NNP,*,T,환인제약,*,*,*,*
대상홀딩스,1786,3545,1,NNP,*,F,대상홀딩스,*,*,*,*
사조오양,1786,3546,1,NNP,*,T,사조오양,*,*,*,*
한국조선해양,1786,3546,1,NNP,*,T,한국조선해양,*,*,*,*
셀트리온제약,1786,3546,1,NNP,*,T,셀트리온제약,*,*,*,*
삼성공조,1786,3545,1,NNP,*,F,삼성공조,*,*,*,*
한미글로벌,1786,3546,1,NNP,*,T,한미글로벌,*,*,*,*
삼양홀딩스,1786,3545,1,NNP,*,F,삼양홀딩스,*,*,*,*
이루온,1786,3546,1,NNP,*,T,이루온,*,*,*,*
셀루메드,1786,3545,1,NNP,*,F,셀루메드,*,*,*,*
경동제약,1786,3546,1,NNP,*,T,경동제약,*,*,*,*
플랜티넷,1786,3546,1,NNP,*,T,플랜티넷,*,*,*,*
아이티센,1786,3546,1,NNP,*,T,아이티센,*,*,*,*
신세계건설,1786,3546,1,NNP,*,T,신세계건설,*,*,*,*
태광산업,1786,3546,1,NNP,*,T,태광산업,*,*,*,*
현대건설기계,1786,3545,1,NNP,*,F,현대건설기계,*,*,*,*
DB,1786,3545,1,NNP,*,F,DB,*,*,*,*
케이엠,1786,3546,1,NNP,*,T,케이엠,*,*,*,*
GS건설,1786,3546,1,NNP,*,T,GS건설,*,*,*,*
한양이엔지,1786,3545,1,NNP,*,F,한양이엔지,*,*,*,*
상상인증권,1786,3546,1,NNP,*,T,상상인증권,*,*,*,*
서린바이오,1786,3545,1,NNP,*,F,서린바이오,*,*,*,*
일성신약,1786,3546,1,NNP,*,T,일성신약,*,*,*,*
서희건설,1786,3546,1,NNP,*,T,서희건설,*,*,*,*
남광토건,1786,3546,1,NNP,*,T,남광토건,*,*,*,*
만도,1786,3545,1,NNP,*,F,만도,*,*,*,*
현대그린푸드,1786,3545,1,NNP,*,F,현대그린푸드,*,*,*,*
세원,1786,3546,1,NNP,*,T,세원,*,*,*,*
평화산업,1786,3546,1,NNP,*,T,평화산업,*,*,*,*
만호제강,1786,3546,1,NNP,*,T,만호제강,*,*,*,*
우리종금,1786,3546,1,NNP,*,T,우리종금,*,*,*,*
대유에이텍,1786,3546,1,NNP,*,T,대유에이텍,*,*,*,*
KD,1786,3545,1,NNP,*,F,KD,*,*,*,*
HB테크놀러지,1786,3545,1,NNP,*,F,HB테크놀러지,*,*,*,*
삼천당제약,1786,3546,1,NNP,*,T,삼천당제약,*,*,*,*
인터파크,1786,3545,1,NNP,*,F,인터파크,*,*,*,*
청보산업,1786,3546,1,NNP,*,T,청보산업,*,*,*,*
우원개발,1786,3546,1,NNP,*,T,우원개발,*,*,*,*
참엔지니어링,1786,3546,1,NNP,*,T,참엔지니어링,*,*,*,*
상아프론테크,1786,3545,1,NNP,*,F,상아프론테크,*,*,*,*
쏠리드,1786,3545,1,NNP,*,F,쏠리드,*,*,*,*
롯데지주,1786,3545,1,NNP,*,F,롯데지주,*,*,*,*
모바일리더,1786,3545,1,NNP,*,F,모바일리더,*,*,*,*
해성산업,1786,3546,1,NNP,*,T,해성산업,*,*,*,*
성우테크론,1786,3546,1,NNP,*,T,성우테크론,*,*,*,*
도화엔지니어링,1786,3546,1,NNP,*,T,도화엔지니어링,*,*,*,*
스타플렉스,1786,3545,1,NNP,*,F,스타플렉스,*,*,*,*
한국콜마홀딩스,1786,3545,1,NNP,*,F,한국콜마홀딩스,*,*,*,*
흥국,1786,3546,1,NNP,*,T,흥국,*,*,*,*
에프앤리퍼블릭,1786,3546,1,NNP,*,T,에프앤리퍼블릭,*,*,*,*
LG화학,1786,3546,1,NNP,*,T,LG화학,*,*,*,*
한진칼,1786,3546,1,NNP,*,T,한진칼,*,*,*,*
코세스,1786,3545,1,NNP,*,F,코세스,*,*,*,*
한국테크놀로지,1786,3545,1,NNP,*,F,한국테크놀로지,*,*,*,*
윌비스,1786,3545,1,NNP,*,F,윌비스,*,*,*,*
한신기계공업,1786,3546,1,NNP,*,T,한신기계공업,*,*,*,*
인탑스,1786,3545,1,NNP,*,F,인탑스,*,*,*,*
신풍제약,1786,3546,1,NNP,*,T,신풍제약,*,*,*,*
유니테크노,1786,3545,1,NNP,*,F,유니테크노,*,*,*,*
이수화학,1786,3546,1,NNP,*,T,이수화학,*,*,*,*
SK,1786,3545,1,NNP,*,F,SK,*,*,*,*
현대미포조선,1786,3546,1,NNP,*,T,현대미포조선,*,*,*,*
LG디스플레이,1786,3545,1,NNP,*,F,LG디스플레이,*,*,*,*
한일네트웍스,1786,3545,1,NNP,*,F,한일네트웍스,*,*,*,*
포스링크,1786,3545,1,NNP,*,F,포스링크,*,*,*,*
동화약품,1786,3546,1,NNP,*,T,동화약품,*,*,*,*
디이엔티,1786,3545,1,NNP,*,F,디이엔티,*,*,*,*
코오롱생명과학,1786,3546,1,NNP,*,T,코오롱생명과학,*,*,*,*
한국전력공사,1786,3545,1,NNP,*,F,한국전력공사,*,*,*,*
삼양사,1786,3545,1,NNP,*,F,삼양사,*,*,*,*
삼기,1786,3545,1,NNP,*,F,삼기,*,*,*,*
신세계,1786,3545,1,NNP,*,F,신세계,*,*,*,*
아이크래프트,1786,3545,1,NNP,*,F,아이크래프트,*,*,*,*
LS네트웍스,1786,3545,1,NNP,*,F,LS네트웍스,*,*,*,*
동일기연,1786,3546,1,NNP,*,T,동일기연,*,*,*,*
LS,1786,3545,1,NNP,*,F,LS,*,*,*,*
피제이전자,1786,3545,1,NNP,*,F,피제이전자,*,*,*,*
한화,1786,3545,1,NNP,*,F,한화,*,*,*,*
한진중공업,1786,3546,1,NNP,*,T,한진중공업,*,*,*,*
비케이탑스,1786,3545,1,NNP,*,F,비케이탑스,*,*,*,*
진양제약,1786,3546,1,NNP,*,T,진양제약,*,*,*,*
세아홀딩스,1786,3545,1,NNP,*,F,세아홀딩스,*,*,*,*
부광약품,1786,3546,1,NNP,*,T,부광약품,*,*,*,*
오스템,1786,3546,1,NNP,*,T,오스템,*,*,*,*
콤텍시스템,1786,3546,1,NNP,*,T,콤텍시스템,*,*,*,*
글로벌에스엠,1786,3546,1,NNP,*,T,글로벌에스엠,*,*,*,*
삼보산업,1786,3546,1,NNP,*,T,삼보산업,*,*,*,*
현대건설,1786,3546,1,NNP,*,T,현대건설,*,*,*,*
애경유화,1786,3545,1,NNP,*,F,애경유화,*,*,*,*
동양에스텍,1786,3546,1,NNP,*,T,동양에스텍,*,*,*,*
롯데푸드,1786,3545,1,NNP,*,F,롯데푸드,*,*,*,*
한양증권,1786,3546,1,NNP,*,T,한양증권,*,*,*,*
LG이노텍,1786,3546,1,NNP,*,T,LG이노텍,*,*,*,*
성우하이텍,1786,3546,1,NNP,*,T,성우하이텍,*,*,*,*
엔텔스,1786,3545,1,NNP,*,F,엔텔스,*,*,*,*
미원상사,1786,3545,1,NNP,*,F,미원상사,*,*,*,*
KG케미칼,1786,3546,1,NNP,*,T,KG케미칼,*,*,*,*
케이씨,1786,3545,1,NNP,*,F,케이씨,*,*,*,*
광동제약,1786,3546,1,NNP,*,T,광동제약,*,*,*,*
동부건설,1786,3546,1,NNP,*,T,동부건설,*,*,*,*
유니트론텍,1786,3546,1,NNP,*,T,유니트론텍,*,*,*,*
화신,1786,3546,1,NNP,*,T,화신,*,*,*,*
다산네트웍스,1786,3545,1,NNP,*,F,다산네트웍스,*,*,*,*
켐트로스,1786,3545,1,NNP,*,F,켐트로스,*,*,*,*
인성정보,1786,3545,1,NNP,*,F,인성정보,*,*,*,*
삼성전자,1786,3545,1,NNP,*,F,삼성전자,*,*,*,*
대한화섬,1786,3546,1,NNP,*,T,대한화섬,*,*,*,*
현대바이오랜드,1786,3545,1,NNP,*,F,현대바이오랜드,*,*,*,*
톱텍,1786,3546,1,NNP,*,T,톱텍,*,*,*,*
코오롱글로벌,1786,3546,1,NNP,*,T,코오롱글로벌,*,*,*,*
한라홀딩스,1786,3545,1,NNP,*,F,한라홀딩스,*,*,*,*
국제약품,1786,3546,1,NNP,*,T,국제약품,*,*,*,*
SK디앤디,1786,3545,1,NNP,*,F,SK디앤디,*,*,*,*
한미약품,1786,3546,1,NNP,*,T,한미약품,*,*,*,*
인지디스플레,1786,3545,1,NNP,*,F,인지디스플레,*,*,*,*
한일철강,1786,3546,1,NNP,*,T,한일철강,*,*,*,*
케이티,1786,3545,1,NNP,*,F,케이티,*,*,*,*
구영테크,1786,3545,1,NNP,*,F,구영테크,*,*,*,*
GS,1786,3545,1,NNP,*,F,GS,*,*,*,*
롯데정보통신,1786,3546,1,NNP,*,T,롯데정보통신,*,*,*,*
한섬,1786,3546,1,NNP,*,T,한섬,*,*,*,*
코위버,1786,3545,1,NNP,*,F,코위버,*,*,*,*
녹십자홀딩스,1786,3545,1,NNP,*,F,녹십자홀딩스,*,*,*,*
삼성엔지니어링,1786,3546,1,NNP,*,T,삼성엔지니어링,*,*,*,*
AK홀딩스,1786,3545,1,NNP,*,F,AK홀딩스,*,*,*,*
녹십자,1786,3545,1,NNP,*,F,녹십자,*,*,*,*
나이스디앤비,1786,3545,1,NNP,*,F,나이스디앤비,*,*,*,*
세보엠이씨,1786,3545,1,NNP,*,F,세보엠이씨,*,*,*,*
삼성물산,1786,3546,1,NNP,*,T,삼성물산,*,*,*,*
대성산업,1786,3546,1,NNP,*,T,대성산업,*,*,*,*
삼일제약,1786,3546,1,NNP,*,T,삼일제약,*,*,*,*
오파스넷,1786,3546,1,NNP,*,T,오파스넷,*,*,*,*
비에이치아이,1786,3545,1,NNP,*,F,비에이치아이,*,*,*,*
현대중공업지주,1786,3545,1,NNP,*,F,현대중공업지주,*,*,*,*
유수홀딩스,1786,3545,1,NNP,*,F,유수홀딩스,*,*,*,*
미원홀딩스,1786,3545,1,NNP,*,F,미원홀딩스,*,*,*,*
현대자동차,1786,3545,1,NNP,*,F,현대자동차,*,*,*,*
에스에이엠티,1786,3545,1,NNP,*,F,에스에이엠티,*,*,*,*
기아자동차,1786,3545,1,NNP,*,F,기아자동차,*,*,*,*
